ticker,sector,earnings_date,stock_price,baseline_vol_1d,raw_return,realized_move,earnings_multiplier,vix_regime,is_positive
AAPL,Information Technology,2025-10-30,269.4388122558594,1.4114775477003394,-0.8658781431556684,0.8658781431556684,0.6134551304527706,Medium,False
AAPL,Information Technology,2025-07-31,208.6107940673828,0.7090769664137296,-2.0330499439841447,2.0330499439841447,2.867178092480737,Medium,False
AAPL,Information Technology,2025-05-01,211.7758331298828,1.9844745154190664,-6.7644868852663755,6.7644868852663755,3.408704335937467,Medium,False
AAPL,Information Technology,2025-01-30,238.28231811523438,2.2605391277841385,-4.032155675086474,4.032155675086474,1.783714170450541,Medium,False
MSFT,Information Technology,2025-10-29,541.057373046875,0.98535220722506,-4.38371848810661,4.38371848810661,4.4488848311935065,Medium,False
MSFT,Information Technology,2025-07-30,510.7727966308594,0.5674342131957886,2.1179100274003995,2.1179100274003995,3.7324327263813255,Medium,True
MSFT,Information Technology,2025-04-30,391.9388732910156,2.0329889093046236,10.12498354397051,10.12498354397051,4.980343718369681,Medium,True
MSFT,Information Technology,2025-01-29,443.9252624511719,1.857560755063108,-6.1650814827860545,6.1650814827860545,3.3189124317910155,Medium,False
GOOGL,Communication Services,2025-10-29,267.295166015625,1.8400486976276078,2.41103857993162,2.41103857993162,1.310312375449734,Medium,True
GOOGL,Communication Services,2025-07-23,191.04405212402344,1.142575623335993,1.5507529103328979,1.5507529103328979,1.3572431256717559,Medium,True
GOOGL,Communication Services,2025-04-24,154.92218017578125,3.598578689010607,0.8350187601598721,0.8350187601598721,0.2320412674898189,Medium,True
GOOGL,Communication Services,2025-02-04,200.44496154785156,1.8850298631842972,-7.161551230516318,7.161551230516318,3.7991712335095995,Medium,False
AMZN,Consumer Discretionary,2025-10-30,230.3000030517578,1.37863710445684,13.972897471221682,13.972897471221682,10.135297698031108,Medium,True
AMZN,Consumer Discretionary,2025-07-31,230.19000244140625,0.8986753204593471,-9.59378354419349,9.59378354419349,10.675472360017347,Medium,False
AMZN,Consumer Discretionary,2025-05-01,184.4199981689453,2.509207616402259,-2.024180287328939,2.024180287328939,0.8067009975966997,Medium,False
AMZN,Consumer Discretionary,2025-02-06,236.1699981689453,1.361626077879538,-2.382448770163845,2.382448770163845,1.749708535161162,Medium,False
NVDA,Information Technology,2025-11-19,181.3498992919922,2.8553882158004282,-4.096074201834658,4.096074201834658,1.4345069364539764,High,False
NVDA,Information Technology,2025-08-27,181.7496337890625,1.3352214398463913,-4.085906189611365,4.085906189611365,3.060096301390594,Low,False
NVDA,Information Technology,2025-05-28,135.47540283203125,2.6593170933570156,0.237374346295073,0.237374346295073,0.08926139229053769,Medium,True
NVDA,Information Technology,2025-02-26,126.59536743164062,2.3768761673906784,-4.8446126325888414,4.8446126325888414,2.0382267696794782,Medium,False
META,Communication Services,2025-10-29,750.82763671875,1.5225591224098243,-13.745390714995336,13.745390714995336,9.027820668953646,Medium,False
META,Communication Services,2025-07-30,698.9578247070312,1.1333529579334005,7.882515301983705,7.882515301983705,6.955040128325943,Medium,True
META,Communication Services,2025-04-30,553.1889038085938,2.5883875553451015,8.746819745994186,8.746819745994186,3.3792542882273287,Medium,True
META,Communication Services,2025-01-29,672.2103271484375,1.7957866484875167,1.8758555249397852,1.8758555249397852,1.044587076376643,Medium,True
TSLA,Consumer Discretionary,2025-10-22,442.6000061035156,3.232115706261465,-1.1959814988269395,1.1959814988269395,0.3700305334088152,Medium,False
TSLA,Consumer Discretionary,2025-07-23,332.1099853515625,2.993530207112497,-4.961510741258911,4.961510741258911,1.657411282996436,Medium,False
TSLA,Consumer Discretionary,2025-04-22,227.5,8.354269032848402,9.05156466547428,9.05156466547428,1.083465786160843,High,True
TSLA,Consumer Discretionary,2025-01-29,398.0899963378906,3.2474478963416322,3.983551723686275,3.983551723686275,1.2266714819886382,Medium,True
JPM,Financials,2026-01-13,329.19000244140625,1.339790674285836,-5.1218822205218375,5.1218822205218375,3.822897351671755,Medium,False
JPM,Financials,2025-10-14,299.53887939453125,0.8436159342947417,-0.7403363147126115,0.7403363147126115,0.8775750725139262,Medium,False
JPM,Financials,2025-07-15,284.190185546875,1.506770944714315,-0.9975803655902529,0.9975803655902529,0.6620650398719993,Medium,False
JPM,Financials,2025-04-11,231.0458984375,4.0772654506295325,3.3507897286887736,3.3507897286887736,0.8218228048339137,High,True
V,Financials,2025-10-28,347.1324157714844,1.2749324442854209,-0.5390600126155293,0.5390600126155293,0.422814569534046,Medium,False
V,Financials,2025-07-29,354.1441345214844,0.9084502187877486,-1.6567557273474958,1.6567557273474958,1.823716581364578,Medium,False
V,Financials,2025-04-29,335.6936340332031,1.8403956579881926,0.2723278859370929,0.2723278859370929,0.14797246709155193,Medium,True
V,Financials,2025-01-30,333.51123046875,0.7418897601005104,0.8074694869565654,0.8074694869565654,1.0883955142434778,Medium,True
JNJ,Health Care,2025-10-14,189.5167236328125,0.6937625449607183,0.14144270432273004,0.14144270432273004,0.2038776889155045,Medium,True
JNJ,Health Care,2025-07-16,154.69512939453125,0.7188300827840671,5.033190681687456,5.033190681687456,7.001919928272397,Medium,True
JNJ,Health Care,2025-04-15,148.40185546875,2.9294333150074143,-0.29153313785267476,0.29153313785267476,0.09951861213537708,High,False
JNJ,Health Care,2025-01-22,142.66297912597656,1.3807987429631094,-1.0192465975754454,1.0192465975754454,0.7381572461372645,Medium,False
MMM,Industrials,2025-10-21,151.98692321777344,1.467919743610607,8.043672530474952,8.043672530474952,5.479640535857992,Medium,True
MMM,Industrials,2025-07-18,156.16432189941406,0.9535870229892156,-3.9109558688150967,3.9109558688150967,4.1013098695024155,Medium,False
MMM,Industrials,2025-04-22,128.42758178710938,4.63168497415375,7.907060062384073,7.907060062384073,1.7071670691137115,High,True
MMM,Industrials,2025-01-21,138.41668701171875,1.40538135154739,5.736358839003594,5.736358839003594,4.081709802600979,Medium,True
AOS,Industrials,2025-10-28,68.52812957763672,1.7687609565181106,-4.416269868909999,4.416269868909999,2.496815554773232,Medium,False
AOS,Industrials,2025-07-24,70.37679290771484,2.0361128202033303,0.9526546110608273,0.9526546110608273,0.46787908882460316,Medium,True
AOS,Industrials,2025-04-29,64.00259399414062,1.9424975750057722,5.288697471723185,5.288697471723185,2.7226275799636297,Medium,True
AOS,Industrials,2025-01-30,68.46089172363281,1.7687990214957465,-2.2801568579456046,2.2801568579456046,1.289098891527789,Medium,False
ABT,Health Care,2025-10-15,130.13914489746094,0.6912314941065872,-3.806163860965963,3.806163860965963,5.506351914542621,Medium,False
ABT,Health Care,2025-07-17,130.2481231689453,0.7519171479884023,-6.1257142923959655,6.1257142923959655,8.146794242934927,Medium,False
ABT,Health Care,2025-04-16,125.60321807861328,2.0743652244384956,3.771190450855023,3.771190450855023,1.8179973354864916,High,True
ABT,Health Care,2025-01-22,111.3899154663086,1.187125159840848,5.505613087114058,5.505613087114058,4.637769692163013,Medium,True
ABBV,Health Care,2025-10-31,225.13999938964844,0.7208206587158934,-7.11656023293391,7.11656023293391,9.872858313483569,Medium,False
ABBV,Health Care,2025-07-31,189.85134887695312,1.4587266630539368,3.121859225090154,3.121859225090154,2.140126251311773,Medium,True
ABBV,Health Care,2025-04-25,174.27752685546875,2.7115560112276307,6.6363614565373945,6.6363614565373945,2.4474366116939796,Medium,True
ABBV,Health Care,2025-01-31,170.9358367919922,1.660570672853005,8.249360046600364,8.249360046600364,4.967786184268355,Medium,True
ACN,Information Technology,2025-12-18,272.0400085449219,1.7308072613083738,-0.5443085729269139,0.5443085729269139,0.31448248750438756,Medium,False
ACN,Information Technology,2025-09-25,235.5,1.434168113367112,-0.0460099588042057,0.0460099588042057,0.0320812869672471,Medium,False
ACN,Information Technology,2025-06-20,304.8553161621094,1.0670450966385436,-3.7143404288843715,3.7143404288843715,3.4809591839983747,Medium,False
ACN,Information Technology,2025-03-20,320.8661804199219,1.3867537414703028,-5.9019180934576605,5.9019180934576605,4.255923684907577,Medium,False
ADBE,Information Technology,2025-12-10,344.32000732421875,2.0784619932575286,3.8760783387366633,3.8760783387366633,1.8648781412941642,Low,True
ADBE,Information Technology,2025-09-11,350.1600036621094,1.6472284849912093,-0.9841625473085593,0.9841625473085593,0.5974657166724575,Low,False
ADBE,Information Technology,2025-06-12,412.8399963378906,1.2033767293566326,-2.8887018712599035,2.8887018712599035,2.4004967029770508,Medium,False
ADBE,Information Technology,2025-03-12,433.6600036621094,1.3321716893984308,-10.000003478976026,10.000003478976026,7.506542556456616,Medium,False
AMD,Information Technology,2025-11-04,259.6499938964844,3.0305526383436727,-4.939014578199904,4.939014578199904,1.6297405680104893,Medium,False
AMD,Information Technology,2025-08-05,176.77999877929688,2.246343297632833,-1.0957510692795078,1.0957510692795078,0.4877932373178204,Medium,False
AMD,Information Technology,2025-05-06,100.58999633789062,2.1503885971894223,3.1230927964731805,3.1230927964731805,1.452338800789351,Medium,True
AMD,Information Technology,2025-02-04,114.2699966430664,2.4742647794640518,-7.815896517063285,7.815896517063285,3.158876358720298,Medium,False
AES,Utilities,2025-11-04,13.619999885559082,1.2131453343698786,5.580357317084161,5.580357317084161,4.599908320121152,Medium,True
AES,Utilities,2025-07-31,12.742934226989746,1.8912101692990186,3.514735574491216,3.514735574491216,1.858458478887072,Medium,True
AES,Utilities,2025-05-01,9.570840835571289,2.2965417904188725,3.115578393716386,3.115578393716386,1.356639102634456,Medium,True
AES,Utilities,2025-02-28,10.4513578414917,2.336718609269434,7.803458386547059,7.803458386547059,3.3394942615648446,Medium,True
AFL,Financials,2025-11-04,106.41485595703125,1.0283573053593276,4.494066752096095,4.494066752096095,4.370141320215334,Medium,True
AFL,Financials,2025-08-05,97.51647186279297,1.179210322028076,3.396691628278428,3.396691628278428,2.8804798981377604,Medium,True
AFL,Financials,2025-04-30,106.86011505126953,1.4594726745180486,-2.898416516084256,2.898416516084256,1.9859340751558638,Medium,False
AFL,Financials,2025-02-05,104.4652099609375,1.2043643180025805,-3.457920201528454,3.457920201528454,2.8711579626199497,Medium,False
A,Health Care,2025-11-24,150.98016357421875,1.7485088863504903,0.5012951850603447,0.5012951850603447,0.28669867735511156,Medium,True
A,Health Care,2025-08-27,117.852294921875,1.8534038042900742,5.872444680172873,5.872444680172873,3.168464781705921,Low,True
A,Health Care,2025-05-28,110.60600280761719,3.085633698339755,0.9379537444851596,0.9379537444851596,0.30397442994929424,Medium,True
A,Health Care,2025-02-26,133.1084747314453,1.0450640814499967,-4.870976594014516,4.870976594014516,4.660935803339614,Medium,False
APD,Materials,2025-11-06,239.02529907226562,0.9605702978804275,9.336587319482542,9.336587319482542,9.719837621550909,Medium,True
APD,Materials,2025-07-31,291.12750244140625,0.9636476169420649,-2.888362825563009,2.888362825563009,2.9973226465589433,Medium,False
APD,Materials,2025-05-01,265.50567626953125,1.6915849490747763,2.408805375344563,2.408805375344563,1.4239931471736464,Medium,True
APD,Materials,2025-02-06,326.9530029296875,1.1573499130646108,-6.816756816996633,6.816756816996633,5.889970474829143,Medium,False
ABNB,Consumer Discretionary,2025-11-06,122.5,1.2187183571909779,-0.2737922794299165,0.2737922794299165,0.22465590824526507,Medium,False
ABNB,Consumer Discretionary,2025-08-06,129.9600067138672,1.7474661389485016,-7.264370388454861,7.264370388454861,4.1570879266513465,Medium,False
ABNB,Consumer Discretionary,2025-05-01,121.91999816894531,1.9364227177446975,0.7096179648890361,0.7096179648890361,0.3664581903457062,Medium,True
AKAM,Information Technology,2025-11-06,72.9800033569336,1.9550259985214387,19.342469515865794,19.342469515865794,9.893714728343387,Medium,True
AKAM,Information Technology,2025-08-07,74.4800033569336,1.5404136566545215,-5.5510987256482665,5.5510987256482665,3.6036415943650955,Medium,False
AKAM,Information Technology,2025-05-08,82.86000061035156,1.4471965812994443,-7.783241263879176,7.783241263879176,5.378150670374421,Medium,False
AKAM,Information Technology,2025-02-20,100.26000213623047,1.3484292491277021,-20.78955167519808,20.78955167519808,15.417606588292879,Medium,False
ALB,Materials,2025-11-05,88.183837890625,5.114121077664139,5.676380953791639,5.676380953791639,1.1099426211442596,Medium,True
ALB,Materials,2025-07-30,70.99932098388672,5.469195859191934,-1.4370773162405495,1.4370773162405495,0.26275842980194086,Medium,False
ALB,Materials,2025-04-30,58.578975677490234,2.8498992426488194,2.9889007494224464,2.9889007494224464,1.0487741828530166,Medium,True
ALB,Materials,2025-02-12,74.16117095947266,1.9214224302609815,6.0182777180200935,6.0182777180200935,3.1321991578929613,Medium,True
ARE,Real Estate,2025-10-27,76.28335571289062,1.591882541346253,-24.54090901317833,24.54090901317833,15.416281274386058,Medium,False
ARE,Real Estate,2025-07-21,75.82780456542969,1.7234570627246495,5.966538499877809,5.966538499877809,3.4619594702551995,Medium,True
ARE,Real Estate,2025-04-28,72.28216552734375,3.411339658246499,-5.611833560820978,5.611833560820978,1.6450527133101662,Medium,False
ARE,Real Estate,2025-01-27,95.47451782226562,1.5910807097851636,-6.189400579330223,6.189400579330223,3.890060724930761,Medium,False
ALGN,Health Care,2025-10-29,133.13999938964844,2.0307211532129283,4.52581385411483,4.52581385411483,2.2286732213106966,Medium,True
ALGN,Health Care,2025-07-30,205.80999755859375,2.180680090128634,-32.937073556700156,32.937073556700156,15.104037362379579,Medium,False
ALGN,Health Care,2025-04-30,177.75,1.758801422181499,3.7622643725595735,3.7622643725595735,2.1391069651815005,Medium,True
ALGN,Health Care,2025-02-05,214.75,1.6324019770950648,-2.685338113423806,2.685338113423806,1.6450225808979293,Medium,False
ALLE,Industrials,2025-10-23,179.47000122070312,0.8196075494203597,-4.672362933471332,4.672362933471332,5.700731937835011,Medium,False
ALLE,Industrials,2025-07-24,152.7100067138672,2.074736523279459,7.145632764759909,7.145632764759909,3.4441157634151405,Medium,True
ALLE,Industrials,2025-04-24,126.35358428955078,2.5225124317127525,7.931367065986759,7.931367065986759,3.144233093274179,High,True
ALLE,Industrials,2025-02-18,132.3571319580078,1.2748142195997272,-5.105320321040995,5.105320321040995,4.004756334333948,Medium,False
LNT,Utilities,2025-11-06,66.8499984741211,0.603682111950914,0.3296392384551676,0.3296392384551676,0.5460477160568423,Medium,True
LNT,Utilities,2025-08-07,65.27911376953125,1.0460281708296109,-1.2099214606062594,1.2099214606062594,1.1566815257438658,Medium,False
LNT,Utilities,2025-05-09,60.86030578613281,1.0481732360765068,-2.601863991689674,2.601863991689674,2.482284322989299,Medium,False
LNT,Utilities,2025-02-20,60.203208923339844,0.40502262228365754,3.618949331197876,3.618949331197876,8.935178264347282,Medium,True
ALL,Financials,2025-11-05,194.3431854248047,0.877459608023219,3.871628027217375,3.871628027217375,4.41231481405686,Medium,True
ALL,Financials,2025-07-30,192.0424346923828,1.4675536377648213,3.895359672680882,3.895359672680882,2.654321840402212,Medium,True
ALL,Financials,2025-04-30,195.93931579589844,1.8423231556791992,0.45869605251247736,0.45869605251247736,0.24897697838649396,Medium,True
ALL,Financials,2025-02-05,187.1956329345703,1.5750491643041258,-1.4351502547236732,1.4351502547236732,0.9111780681193774,Medium,False
GOOG,Communication Services,2025-10-29,268.2549743652344,1.7761205594127125,2.4166863835456023,2.4166863835456023,1.3606544728836976,Medium,True
GOOG,Communication Services,2025-07-23,191.81329345703125,1.18435284705387,1.3419713575841197,1.3419713575841197,1.1330840812536,Medium,True
GOOG,Communication Services,2025-04-24,157.28736877441406,3.641062511261767,0.5883311123368733,0.5883311123368733,0.16158226081457583,Medium,True
GOOG,Communication Services,2025-02-04,201.85415649414062,1.8359714422239282,-6.932744942474366,6.932744942474366,3.776063604822018,Medium,False
MO,Consumer Staples,2025-10-30,62.14271926879883,1.0878472286891991,-9.02049475634994,9.02049475634994,8.292060243807562,Medium,False
MO,Consumer Staples,2025-07-30,56.747581481933594,1.0530580796879556,4.3463521568509575,4.3463521568509575,4.127362242108125,Medium,True
MO,Consumer Staples,2025-04-29,55.34283447265625,0.9450825496411386,1.6497655476101978,1.6497655476101978,1.7456311601950936,Medium,True
MO,Consumer Staples,2025-01-30,49.08218765258789,1.3241268436264122,-0.8165648768262842,0.8165648768262842,0.6166817633497573,Medium,False
AMCR,Materials,2025-11-05,39.349998474121094,1.497073848172545,3.7174722595393437,3.7174722595393437,2.4831589063406625,Medium,True
AMCR,Materials,2025-08-14,48.849998474121094,1.2178211126763623,-12.173036507419816,12.173036507419816,9.995750919991496,Low,False
AMCR,Materials,2025-04-30,45.999542236328125,2.0323659871016457,1.3043453396269924,1.3043453396269924,0.6417866407453106,Medium,True
AMCR,Materials,2025-02-04,47.327964782714844,0.7278802486432873,6.903764764578059,6.903764764578059,9.484753539399023,Medium,True
AEE,Utilities,2025-11-05,101.18148803710938,0.669743114827359,3.327416826339518,3.327416826339518,4.9681986311979225,Medium,True
AEE,Utilities,2025-07-31,98.42240905761719,1.031618469018492,2.10620485562793,2.10620485562793,2.041650977450827,Medium,True
AEE,Utilities,2025-05-01,97.10686492919922,1.2546380193497273,1.4884467600922284,1.4884467600922284,1.1863555361280085,Medium,True
AEP,Utilities,2025-10-29,115.47942352294922,0.5881024067552512,5.890013534041522,5.890013534041522,10.01528554616637,Medium,True
AEP,Utilities,2025-07-30,106.22962188720703,1.0377576932768573,3.5890870356481024,3.5890870356481024,3.4585019787375266,Medium,True
AEP,Utilities,2025-05-06,105.03684997558594,1.2848566088201758,0.0372249021126315,0.0372249021126315,0.02897202836261503,Medium,True
AEP,Utilities,2025-02-13,99.36997985839844,1.8698273072572262,-0.5080587201487415,0.5080587201487415,0.2717142477152033,Medium,False
AXP,Financials,2025-10-17,329.9270935058594,1.713690557282213,8.157960298841557,8.157960298841557,4.7604628876402755,Medium,True
AXP,Financials,2025-07-18,310.422119140625,1.6950544197206012,-3.9258000397883164,3.9258000397883164,2.316031859576174,Medium,False
AXP,Financials,2025-01-24,318.8568115234375,1.803094254137725,-2.899910474214084,2.899910474214084,1.6082966642256193,Low,False
AIG,Financials,2025-11-04,78.54827117919922,1.6125177613107637,-5.488784841850159,5.488784841850159,3.4038600836176234,Medium,False
AIG,Financials,2025-08-06,77.57513427734375,1.141777882096546,-1.1763222709099863,1.1763222709099863,1.0302549115332391,Medium,False
AIG,Financials,2025-05-01,80.19833374023438,1.3211942590949786,2.7337970484281913,2.7337970484281913,2.0691862908190726,Medium,True
AIG,Financials,2025-02-11,73.51712036132812,1.3821731528967809,0.6189761257197245,0.6189761257197245,0.447828207647113,Medium,True
AMT,Real Estate,2025-10-28,189.6743927001953,1.0702182771490265,-5.613236360069195,5.613236360069195,5.244945334910925,Medium,False
AMT,Real Estate,2025-07-29,225.66554260253906,1.210174920024762,-6.899779820810563,6.899779820810563,5.7014731561858705,Medium,False
AMT,Real Estate,2025-04-29,205.34783935546875,2.0041312674397447,6.677712770074486,6.677712770074486,3.331973747710243,Medium,True
AMT,Real Estate,2025-02-24,185.055419921875,1.1768934243332305,4.546857859946521,4.546857859946521,3.863440619121944,Medium,True
AWK,Utilities,2025-10-29,133.94984436035156,1.4046206680342685,-1.2532725832003322,1.2532725832003322,0.8922498520217959,Medium,False
AWK,Utilities,2025-07-30,139.25393676757812,1.1449434152879963,4.346583572726091,4.346583572726091,3.796330468988952,Medium,True
AWK,Utilities,2025-04-30,143.2442169189453,1.339805852637071,0.06802183293685637,0.06802183293685637,0.050769917748136786,Medium,True
AWK,Utilities,2025-02-19,124.889404296875,0.9803204193751226,3.769752469297903,3.769752469297903,3.8454288973199446,Medium,True
AMP,Financials,2025-10-30,482.85986328125,1.2530995190328462,-5.385134131118657,5.385134131118657,4.297451279268667,Medium,False
AMP,Financials,2025-07-24,533.0134887695312,1.551420514240389,-2.9611247319225207,2.9611247319225207,1.9086538464217455,Medium,False
AMP,Financials,2025-04-24,463.00750732421875,4.037768195471784,-1.252527258462682,1.252527258462682,0.3102028640146672,High,False
AMP,Financials,2025-01-29,564.6074829101562,0.8222428592313763,-5.52397689103856,5.52397689103856,6.71818165280549,Medium,False
AME,Industrials,2025-10-30,184.81198120117188,1.2851871245273532,9.729086407043042,9.729086407043042,7.5701710835463425,Medium,True
AME,Industrials,2025-07-31,178.38990783691406,0.9046209619698393,3.168142343971373,3.168142343971373,3.502176576886576,Medium,True
AME,Industrials,2025-05-01,166.9773406982422,1.5872443739560802,0.28894732839688986,0.28894732839688986,0.18204337853579008,Medium,True
AME,Industrials,2025-02-04,183.32589721679688,1.404556514349565,-2.1180824522346264,2.1180824522346264,1.5080079944063252,Medium,False
AMGN,Health Care,2025-11-04,294.2016296386719,1.0718311795142317,6.366700941242135,6.366700941242135,5.940022144277991,Medium,True
AMGN,Health Care,2025-08-05,297.3891906738281,1.4705668314466174,-5.125299708750365,5.125299708750365,3.485254528492619,Medium,False
AMGN,Health Care,2025-05-01,284.0252380371094,1.905653721790991,-1.3108853303307884,1.3108853303307884,0.6878927243396448,Medium,False
AMGN,Health Care,2025-02-04,279.76361083984375,1.0577421624713435,3.0309571913725315,3.0309571913725315,2.86549718722652,Medium,True
APH,Information Technology,2025-10-22,127.42428588867188,1.7234862884664386,8.735123432594298,8.735123432594298,5.0682871636691855,Medium,True
APH,Information Technology,2025-07-23,103.36717224121094,0.9671898234648766,2.6331321963044454,2.6331321963044454,2.722456473819658,Medium,True
APH,Information Technology,2025-04-23,63.26780319213867,4.098663486338709,15.634969451797797,15.634969451797797,3.8146506791569617,High,True
APH,Information Technology,2025-01-22,68.88980102539062,1.7926167917005635,8.017056784833695,8.017056784833695,4.47226469257176,Medium,True
ADI,Information Technology,2025-11-25,231.5023651123047,2.0877810473439453,7.736012946060214,7.736012946060214,3.705375597647988,Medium,True
ADI,Information Technology,2025-08-20,229.8261260986328,1.5218799474041085,7.164555403147005,7.164555403147005,4.707700771908905,Medium,True
ADI,Information Technology,2025-05-22,221.80880737304688,2.355033041270299,-5.287553288960151,5.287553288960151,2.245214057000261,Medium,False
ADI,Information Technology,2025-02-19,211.1282196044922,1.6582498514999697,10.716563167558682,10.716563167558682,6.462574477461895,Medium,True
AON,Financials,2025-10-31,326.07000732421875,1.4123181364311648,3.5497711111917005,3.5497711111917005,2.5134359034443468,Medium,True
AON,Financials,2025-07-25,356.5317077636719,1.0280490027116227,3.5192585972189847,3.5192585972189847,3.4232401256520353,Low,True
AON,Financials,2025-04-25,367.28466796875,2.3046525758014296,-5.911521645690338,5.911521645690338,2.5650380919712554,Medium,False
AON,Financials,2025-01-31,364.5386657714844,1.3546279208347556,0.917269222881093,0.917269222881093,0.6771373960134004,Medium,True
APA,Energy,2025-11-05,22.09000015258789,2.811087961231478,10.018467643494523,10.018467643494523,3.5639111197024387,Medium,True
APA,Energy,2025-08-05,18.067720413208008,1.9306881198990642,4.679931313697638,4.679931313697638,2.423970637962129,Medium,True
APA,Energy,2025-05-06,15.12236213684082,3.5537938762200065,2.860782232829956,2.860782232829956,0.8049938551508867,Medium,True
APA,Energy,2025-02-25,21.952917098999023,2.769875392353555,-8.757822369800154,8.757822369800154,3.161810958708384,Medium,False
APO,Financials,2025-11-04,123.8245620727539,2.2250115468973197,7.906410773178234,7.906410773178234,3.5534246032131267,Medium,True
APO,Financials,2025-08-05,137.2459716796875,1.9085371142529006,2.7108776770685696,2.7108776770685696,1.420395577756289,Medium,True
APO,Financials,2025-05-02,134.9698944091797,2.9282388421440277,-2.835599439170976,2.835599439170976,0.9683634402905392,Medium,False
APO,Financials,2025-02-04,168.60731506347656,1.1954595882343002,-0.8197759525350474,0.8197759525350474,0.6857412501461975,Medium,False
AMAT,Information Technology,2025-11-13,230.2786102294922,2.5549235948222377,2.45487631652122,2.45487631652122,0.9608413815177206,Medium,True
AMAT,Information Technology,2025-08-14,189.11622619628906,2.088186031626918,-13.12686239897514,13.12686239897514,6.286251416377843,Medium,False
AMAT,Information Technology,2025-05-15,172.8112335205078,2.601803412743281,-5.041482956180754,5.041482956180754,1.9376878865975242,Medium,False
APP,Information Technology,2025-11-05,608.6799926757812,3.3349687101661156,0.4667376938315073,0.4667376938315073,0.13995264555518394,Medium,True
APP,Information Technology,2025-08-06,377.92999267578125,3.459710650384551,16.747318645953126,16.747318645953126,4.840670315620655,Medium,True
APP,Information Technology,2025-05-07,304.6199951171875,4.6913236857570855,8.264686547174177,8.264686547174177,1.76169607999249,Medium,True
APP,Information Technology,2025-02-12,375.25,3.046373817405693,34.13178246179726,34.13178246179726,11.20406900387033,Medium,True
APTV,Consumer Discretionary,2025-10-30,86.63999938964844,1.078201849603766,-5.444792295351958,5.444792295351958,5.049882169422073,Medium,False
APTV,Consumer Discretionary,2025-07-31,68.23999786376953,1.8809522542995334,-1.5446892240294805,1.5446892240294805,0.8212272376922841,Medium,False
APTV,Consumer Discretionary,2025-05-01,57.650001525878906,1.6125049629833865,3.3473533148321186,3.3473533148321186,2.075871635544607,Medium,True
APTV,Consumer Discretionary,2025-02-06,61.400001525878906,1.530144411408644,4.61889667898448,4.61889667898448,3.0186018029058737,Medium,True
ACGL,Financials,2025-10-27,87.1500015258789,1.337438216714589,-0.10472883957214314,0.10472883957214314,0.07830555330578863,Medium,False
ACGL,Financials,2025-07-29,86.5,1.6243299990761688,-0.06967624950599849,0.06967624950599849,0.04289537812244222,Medium,False
ACGL,Financials,2025-04-29,91.19000244140625,1.632116540931423,-2.94404290363907,2.94404290363907,1.8038190471122553,Medium,False
ACGL,Financials,2025-02-10,93.5,1.523594818565241,-3.4987939867424043,3.4987939867424043,2.296407118289622,Medium,False
ADM,Consumer Staples,2025-11-04,60.024173736572266,1.178920569776792,-6.323842403472646,6.323842403472646,5.364095398445678,Medium,False
ADM,Consumer Staples,2025-08-05,52.945796966552734,1.4166046253992002,4.3598288785900605,4.3598288785900605,3.0776610498228876,Medium,True
ADM,Consumer Staples,2025-05-06,46.568199157714844,1.3447808205575644,0.8000062055005986,0.8000062055005986,0.5948970964420099,Medium,True
ADM,Consumer Staples,2025-02-04,49.30608367919922,1.6607205185621092,-7.13714059859848,7.13714059859848,4.297616919177938,Medium,False
ARES,Financials,2025-11-03,147.75064086914062,2.397762150208361,2.891525403424109,2.891525403424109,1.2059267026017741,Medium,True
ARES,Financials,2025-08-01,185.3578338623047,1.7869829485228612,1.6277707766758434,1.6277707766758434,0.9109044817810801,Medium,True
ARES,Financials,2025-05-05,154.0424346923828,2.2514529280938507,1.629833772546577,1.629833772546577,0.7239031081704401,Medium,True
ARES,Financials,2025-02-05,191.23672485351562,1.744578096297128,-1.8888328201397377,1.8888328201397377,1.0826874555795414,Medium,False
ANET,Information Technology,2025-11-04,157.58999633789062,1.9230462585100143,-12.718982996512093,12.718982996512093,6.613976621845188,Medium,False
ANET,Information Technology,2025-08-05,120.3499984741211,2.2333055729262736,17.913982001940937,17.913982001940937,8.021285675864078,Medium,True
ANET,Information Technology,2025-05-06,90.37999725341797,3.2477633077891026,-3.855899668877373,3.855899668877373,1.1872477466660758,Medium,False
ANET,Information Technology,2025-02-18,106.87000274658203,3.2242795377222633,-6.8971692788607655,6.8971692788607655,2.139135021690195,Medium,False
AJG,Financials,2025-10-30,261.32598876953125,2.046735062101802,-7.270159703026477,7.270159703026477,3.552076591466956,Medium,False
AJG,Financials,2025-07-31,284.4656982421875,2.2741812502904564,-0.9190644271721613,0.9190644271721613,0.40412980586080344,Medium,False
AJG,Financials,2025-05-01,318.515869140625,2.07541384993984,5.421216607221763,5.421216607221763,2.6121135345506667,Medium,True
AJG,Financials,2025-01-30,291.5474548339844,1.2147801565908698,3.3341188323017357,3.3341188323017357,2.744627342002793,Medium,True
AIZ,Financials,2025-11-04,211.29190063476562,1.3306684595985199,1.0298161670181591,1.0298161670181591,0.7739089023939654,Medium,True
AIZ,Financials,2025-08-05,187.45338439941406,0.9896311614504735,6.873905739216898,6.873905739216898,6.945926934174158,Medium,True
AIZ,Financials,2025-05-06,194.22930908203125,1.618779629474991,-1.4912501919502017,1.4912501919502017,0.9212187778974275,Medium,False
AIZ,Financials,2025-02-11,210.095458984375,1.100356489557478,-2.24624315661597,2.24624315661597,2.0413776607245935,Medium,False
T,Communication Services,2025-10-22,25.797550201416016,1.5881064791687456,-5.489437557159804,5.489437557159804,3.456592885404707,Medium,False
T,Communication Services,2025-07-23,26.77446174621582,0.9861088397221921,1.8234908489350858,1.8234908489350858,1.8491780779987756,Medium,True
T,Communication Services,2025-04-23,25.49295425415039,2.5457798106675784,2.114245266743493,2.114245266743493,0.830490232456151,High,True
T,Communication Services,2025-01-27,21.76668930053711,0.7961764847979785,7.394365271546284,7.394365271546284,9.28734446788205,Medium,True
ATO,Utilities,2025-11-06,171.60467529296875,0.8203569812647556,2.503040115294972,2.503040115294972,3.051159644470875,Medium,True
ATO,Utilities,2025-08-06,154.93031311035156,1.111294769157779,4.629978757797829,4.629978757797829,4.16629222623514,Medium,True
ATO,Utilities,2025-05-07,159.31631469726562,0.8369917212915581,-1.7213868290152277,1.7213868290152277,2.0566354304663417,Medium,False
ATO,Utilities,2025-02-04,140.24241638183594,1.5030616934387733,0.5056189254674732,0.5056189254674732,0.33639266283920466,Medium,True
ADSK,Information Technology,2025-11-25,289.8500061035156,1.2329699310527162,3.0261875093414283,3.0261875093414283,2.4543887349772215,Medium,True
ADSK,Information Technology,2025-02-27,285.6700134277344,1.5530623389792495,-3.6550405883239865,3.6550405883239865,2.3534410027135566,Medium,False
ADP,Industrials,2025-10-29,278.728271484375,0.6024254844678457,-6.472833127527854,6.472833127527854,10.74462036287467,Medium,False
ADP,Industrials,2025-07-30,303.3433837890625,0.7985282546206193,0.27863367664208705,0.27863367664208705,0.34893402334832335,Medium,True
ADP,Industrials,2025-04-30,288.734619140625,1.6599683004123165,0.9872580794401435,0.9872580794401435,0.5947451401300377,Medium,True
ADP,Industrials,2025-01-29,293.6415710449219,0.5694771637105939,1.6593640885486352,1.6593640885486352,2.9138378047269997,Medium,True
AZO,Consumer Discretionary,2025-12-09,3822.659912109375,1.4328825435706325,-9.180614652430013,9.180614652430013,6.407095050200438,Medium,False
AZO,Consumer Discretionary,2025-09-23,4140.35986328125,1.336396193151094,1.3562275350339723,1.3562275350339723,1.0148394181190519,Medium,True
AZO,Consumer Discretionary,2025-05-27,3826.4599609375,1.3706977572479981,-2.144019273689194,2.144019273689194,1.5641809161443605,Medium,False
AZO,Consumer Discretionary,2025-03-04,3493.010009765625,1.16668534253638,2.2462698066431472,2.2462698066431472,1.925343299299317,Medium,True
AVB,Real Estate,2025-10-29,182.37832641601562,0.9146255903775475,-1.3443751090631963,1.3443751090631963,1.4698638691141945,Medium,False
AVB,Real Estate,2025-07-30,199.37953186035156,1.1359090134586838,-6.046566579477332,6.046566579477332,5.3231081960221305,Medium,False
AVB,Real Estate,2025-04-29,202.2268524169922,1.4897285820358768,0.8784740926654776,0.8784740926654776,0.5896873452377123,Medium,True
AVB,Real Estate,2025-02-04,212.64456176757812,1.4965972706266963,0.46658810109750215,0.46658810109750215,0.31176597088281444,Medium,True
AVY,Materials,2025-10-22,159.37533569335938,0.8039791644418103,13.911817932681073,13.911817932681073,17.303704558487933,Medium,True
AVY,Materials,2025-07-22,176.63902282714844,1.178372292924388,0.363110972715267,0.363110972715267,0.30814622415648274,Medium,True
AVY,Materials,2025-04-23,166.29937744140625,2.840285969638672,-0.6920963145562979,0.6920963145562979,0.24367134927767262,High,False
AVY,Materials,2025-01-30,189.25436401367188,1.1636911118596682,-3.7219491111209853,3.7219491111209853,3.1983995350561916,Medium,False
AXON,Industrials,2025-11-04,724.0999755859375,1.8408917917369927,-16.851003272991107,16.851003272991107,9.153717425776106,Medium,False
AXON,Industrials,2025-08-04,742.469970703125,2.038428650839099,15.944852694755227,15.944852694755227,7.822129407468681,Medium,True
AXON,Industrials,2025-05-07,601.6699829101562,2.200451747926902,13.753284790124845,13.753284790124845,6.250209668574711,Medium,True
AXON,Industrials,2025-02-25,499.7300109863281,5.535030224918735,5.7968406118459574,5.7968406118459574,1.0473006246196364,Medium,True
BKR,Energy,2025-10-23,47.07633590698242,2.1108385414115225,-4.68398353446956,4.68398353446956,2.2190155440962194,Medium,False
BKR,Energy,2025-07-22,39.45305633544922,1.7380309686319306,14.242878474112027,14.242878474112027,8.194835840769358,Medium,True
BKR,Energy,2025-04-22,37.18926239013672,6.139820133476586,-5.1616279223734765,5.1616279223734765,0.8406806405012354,High,False
BKR,Energy,2025-01-30,42.16854476928711,2.0354805048255717,6.278031019181846,6.278031019181846,3.084299262163572,Medium,True
BALL,Materials,2025-11-04,46.81021499633789,1.179474878327961,3.778381602793621,3.778381602793621,3.2034438988220795,Medium,True
BALL,Materials,2025-08-05,56.69304656982422,1.1134639402425162,-8.78320302867321,8.78320302867321,7.888179141894976,Medium,False
BALL,Materials,2025-05-06,51.06459045410156,1.7904703961403412,-2.295082382066805,2.295082382066805,1.2818320744170022,Medium,False
BALL,Materials,2025-02-04,54.84904098510742,1.3490791293679318,-8.063947417635507,8.063947417635507,5.977371706442167,Medium,False
BAC,Financials,2026-01-14,55.189998626708984,1.4501196098780655,-3.575358874598579,3.575358874598579,2.465561358003576,Medium,False
BAC,Financials,2025-10-15,48.607398986816406,0.9613436116566586,0.6987341027944082,0.6987341027944082,0.726830754708296,Medium,True
BAC,Financials,2025-07-16,46.56763458251953,1.284930235602521,1.8851553385176893,1.8851553385176893,1.4671266083436154,Medium,True
BAC,Financials,2025-04-15,35.35795211791992,4.612907816144171,1.7998502090378252,1.7998502090378252,0.39017692977491164,High,True
BAC,Financials,2025-01-16,44.74370193481445,1.2535951442697186,-1.210193669106003,1.210193669106003,0.9653783955991635,Medium,False
BAX,Health Care,2025-10-30,22.847911834716797,1.2197327360118553,-17.61820263508292,17.61820263508292,14.444314000039824,Medium,False
BAX,Health Care,2025-07-31,28.62392234802246,1.6894639014546007,-21.711226304790856,21.711226304790856,12.850956025812595,Medium,False
BAX,Health Care,2025-05-01,30.57762336730957,1.9045778650544545,-1.475783769695375,1.475783769695375,0.774861346849256,Medium,False
BAX,Health Care,2025-02-20,30.645618438720703,1.2921645216990385,9.733937185283754,9.733937185283754,7.533047860256072,Medium,True
BDX,Health Care,2025-11-06,178.07077026367188,0.8881807389987321,0.8220353341597292,0.8220353341597292,0.9255270893246681,Medium,True
BDX,Health Care,2025-08-07,174.9813690185547,1.5572646028699653,12.232468625490924,12.232468625490924,7.855099642634309,Medium,True
BDX,Health Care,2025-05-01,202.9880828857422,1.2347664372738232,-18.499206401720265,18.499206401720265,14.981947875554265,Medium,False
BDX,Health Care,2025-02-05,237.28646850585938,1.179979620218045,-6.2066428471420485,6.2066428471420485,5.259957664349441,Medium,False
BRK-B,Financials,2025-11-01,478.5199890136719,0.8137697297003162,-0.5934958628884953,0.5934958628884953,0.729316711137756,Medium,False
BRK-B,Financials,2025-08-02,471.8800048828125,0.7213567049960571,-2.7062006016595954,2.7062006016595954,3.7515428676501834,Medium,False
BRK-B,Financials,2025-05-03,530.22998046875,1.3610024961121003,-3.409832850021779,3.409832850021779,2.5053832448966533,Medium,False
BRK-B,Financials,2025-02-22,481.79998779296875,0.8093751664862292,3.4495695425188164,3.4495695425188164,4.262015546504302,Medium,True
BBY,Consumer Discretionary,2025-11-25,75.45359802246094,1.5628609833499976,7.088067518236424,7.088067518236424,4.535315420724835,Medium,True
BBY,Consumer Discretionary,2025-08-28,71.78291320800781,2.194958548011629,-2.398946789674039,2.398946789674039,1.0929348947601762,Low,False
BBY,Consumer Discretionary,2025-05-29,69.40663146972656,2.604224049958991,-7.326621520417542,7.326621520417542,2.8133606709195838,Medium,False
BBY,Consumer Discretionary,2025-03-04,85.32271575927734,1.507347092148403,-12.92367801300551,12.92367801300551,8.573790389966225,Medium,False
TECH,Health Care,2025-11-05,61.177467346191406,2.053819393083894,-4.77904955162475,4.77904955162475,2.3269083774931207,Medium,False
TECH,Health Care,2025-08-06,54.72426223754883,3.3888141065009028,-8.217413830524613,8.217413830524613,2.4248641478329565,Medium,False
TECH,Health Care,2025-05-07,49.57784652709961,1.612252415422213,4.316842476406025,4.316842476406025,2.6775227223186016,Medium,True
TECH,Health Care,2025-02-05,71.64266204833984,2.1212362734966335,3.3907523992354935,3.3907523992354935,1.5984793592305477,Medium,True
BIIB,Health Care,2025-10-30,149.1300048828125,1.1710728187745143,4.33518438769749,4.33518438769749,3.7018913924021435,Medium,True
BIIB,Health Care,2025-07-31,127.9000015258789,2.315456534046754,4.192986089849737,4.192986089849737,1.8108679770902887,Medium,True
BIIB,Health Care,2025-05-01,120.16999816894531,1.8734789068927524,2.023453015520033,2.023453015520033,1.080051132721862,Medium,True
BIIB,Health Care,2025-02-12,142.5399932861328,1.5752905146832714,-0.6743686387275052,0.6743686387275052,0.42809160116290934,Medium,False
BLK,Financials,2025-10-14,1126.875,1.5741045129761706,4.109523434817823,4.109523434817823,2.610705579547522,Medium,True
BLK,Financials,2025-07-15,1091.15234375,0.7962909308714832,-2.6289699535360986,2.6289699535360986,3.3015193965086103,Medium,False
BLK,Financials,2025-04-11,883.8588256835938,4.470473033182653,3.629569431584366,3.629569431584366,0.8118982945749648,High,True
BX,Financials,2025-10-23,160.0098876953125,2.4507387576466977,-4.402676110328486,4.402676110328486,1.796468961284197,Medium,False
BX,Financials,2025-07-24,166.87513732910156,2.3394564169567498,3.570595134915519,3.570595134915519,1.5262499053349665,Medium,True
BX,Financials,2025-01-30,180.02996826171875,1.400605950484324,-4.461101455788134,4.461101455788134,3.185122449498021,Medium,False
XYZ,Financials,2025-11-06,73.6500015258789,2.5345469104374034,-5.822638144154359,5.822638144154359,2.297309282450609,Medium,False
XYZ,Financials,2025-08-07,76.12999725341797,2.7674498947457007,-4.970721887666123,4.970721887666123,1.7961379886600908,Medium,False
XYZ,Financials,2025-05-01,58.470001220703125,2.1329448364340644,-20.246238449500368,20.246238449500368,9.492152869433216,Medium,False
XYZ,Financials,2025-02-20,83.88999938964844,1.5546316499405435,-20.616573407793428,20.616573407793428,13.261387936223931,Medium,False
BK,Financials,2026-01-13,119.04000091552734,1.2810909291073207,3.2570798578679123,3.2570798578679123,2.542426758214176,Medium,True
BK,Financials,2025-10-16,106.58432006835938,1.1180843903767297,-2.7081561980911624,2.7081561980911624,2.42213934958762,High,False
BK,Financials,2025-07-15,92.76560974121094,0.6887428449736418,0.25196901113755305,0.25196901113755305,0.36583902537266416,Medium,True
BK,Financials,2025-04-11,78.05838775634766,3.866664392989793,1.1878240668282516,1.1878240668282516,0.3071960599895247,High,True
BA,Industrials,2025-10-29,223.0,1.3106391108953659,-10.410603057975267,10.410603057975267,7.943150003255466,Medium,False
BA,Industrials,2025-07-29,233.05999755859375,0.9748858281209397,-4.471049092882722,4.471049092882722,4.586228421743007,Medium,False
BA,Industrials,2025-04-23,159.33999633789062,5.992687698817564,8.45433784959803,8.45433784959803,1.410775644335042,High,True
BA,Industrials,2025-01-28,176.05999755859375,1.5744361732599081,-0.8563598816163306,0.8563598816163306,0.5439152733916274,Medium,False
BKNG,Consumer Discretionary,2025-10-28,5244.3662109375,2.1207451138641873,-0.7881893599643295,0.7881893599643295,0.3716568081716232,Medium,False
BKNG,Consumer Discretionary,2025-07-29,5658.16455078125,0.9622317301300148,-1.5509547708388702,1.5509547708388702,1.6118308327135589,Medium,False
BKNG,Consumer Discretionary,2025-04-29,4863.82763671875,2.100983161931758,3.9150657464095913,3.9150657464095913,1.8634446088610568,Medium,True
BKNG,Consumer Discretionary,2025-02-20,5072.9072265625,1.1824416245862117,0.6147604257594568,0.6147604257594568,0.519907632628028,Medium,True
BSX,Health Care,2025-10-22,100.52999877929688,1.12364566929064,2.4924903160532006,2.4924903160532006,2.218217347490615,Medium,True
BSX,Health Care,2025-07-23,103.77999877929688,0.9175784808060368,2.9565677724801627,2.9565677724801627,3.2221415762529633,Medium,True
BSX,Health Care,2025-04-23,93.58000183105469,3.907636770739779,6.407150070867883,6.407150070867883,1.639648321165456,High,True
BSX,Health Care,2025-02-05,103.06999969482422,0.820063893512093,1.4293951269582377,1.4293951269582377,1.7430289740431784,Medium,True
BMY,Health Care,2025-10-30,42.31987762451172,0.9845885403992697,8.145545901780599,8.145545901780599,8.273045609973709,Medium,True
BMY,Health Care,2025-07-31,45.684791564941406,1.749003544128553,-3.805995221550474,3.805995221550474,2.176093487247234,Medium,False
BMY,Health Care,2025-04-24,47.93831253051758,2.414109161854996,-1.2981658555904136,1.2981658555904136,0.5377411577332758,High,False
BMY,Health Care,2025-02-06,56.27705764770508,1.7308899702696767,-4.789824053429545,4.789824053429545,2.767260851758982,Medium,False
AVGO,Information Technology,2025-12-11,412.18133544921875,3.5930984499476093,-16.37916310459906,16.37916310459906,4.558506629518566,Medium,False
AVGO,Information Technology,2025-09-04,301.2962951660156,1.9566358459466087,12.920603317568219,12.920603317568219,6.603478794653948,Medium,True
AVGO,Information Technology,2025-06-05,259.52484130859375,1.3871782692275993,-6.020850981001699,6.020850981001699,4.340358492174329,Medium,False
AVGO,Information Technology,2025-03-06,189.8643341064453,3.5383079606746213,2.786295973913599,2.786295973913599,0.7874656488019087,Medium,True
BR,Industrials,2025-11-04,219.47174072265625,1.5195245546575782,-1.1755065381857246,1.1755065381857246,0.7736015417339687,Medium,False
BR,Industrials,2025-08-05,242.669921875,1.5395861687815764,7.4176994429174945,7.4176994429174945,4.817982645809191,Medium,True
BR,Industrials,2025-05-01,236.87271118164062,1.604497753176883,-3.9150160520549897,3.9150160520549897,2.440025886171117,Medium,False
BR,Industrials,2025-01-31,231.89089965820312,0.7838225923995606,-0.19654661102783294,0.19654661102783294,0.25075394985252164,Medium,False
BRO,Financials,2025-10-27,87.8161849975586,2.0578992576615907,-8.500450088602074,8.500450088602074,4.130644421467556,Medium,False
BRO,Financials,2025-07-28,103.0007553100586,0.8898552940309309,-9.397544438872316,9.397544438872316,10.560755778956644,Medium,False
BRO,Financials,2025-04-28,113.86654663085938,2.2266465023536504,-3.7256199849727314,3.7256199849727314,1.6731977801750788,Medium,False
BRO,Financials,2025-01-27,105.31945037841797,0.8646134003403024,-4.33048005009949,4.33048005009949,5.0085738301014775,Medium,False
BF-B,Consumer Staples,2025-12-04,29.657522201538086,1.3106023031400784,1.8221855493912205,1.8221855493912205,1.3903420931166055,Medium,True
BF-B,Consumer Staples,2025-08-28,29.38711166381836,1.6171643487278464,-1.6748801695997424,1.6748801695997424,1.0356895209304475,Low,False
BF-B,Consumer Staples,2025-06-05,32.43098068237305,1.2275011420616297,-15.331329653226227,15.331329653226227,12.489869970692443,Medium,False
BF-B,Consumer Staples,2025-03-05,32.060272216796875,1.3657619022915715,9.45243315772495,9.45243315772495,6.920996362444283,Medium,True
BLDR,Industrials,2025-10-30,119.3499984741211,2.5797542740348653,0.7632901781853053,0.7632901781853053,0.29587708638291393,Medium,True
BLDR,Industrials,2025-07-31,133.4199981689453,3.0672924489277467,3.227334902649749,3.227334902649749,1.052177109417118,Medium,True
BLDR,Industrials,2025-05-01,120.23999786376953,2.331031706901294,-4.5975090915943815,4.5975090915943815,1.9723065447728207,Medium,False
BLDR,Industrials,2025-02-20,147.9499969482422,2.0171783954240374,-5.138467799991084,5.138467799991084,2.547354171375066,Medium,False
BG,Consumer Staples,2025-11-05,93.33450317382812,1.3191869550170987,0.9265156028514493,0.9265156028514493,0.7023383602511747,Medium,True
BG,Consumer Staples,2025-07-30,75.47926330566406,1.642114199417245,4.479960157549917,4.479960157549917,2.728166018623899,Medium,True
BG,Consumer Staples,2025-05-07,75.92401123046875,1.1050227039549994,-2.4181310000048026,2.4181310000048026,2.1883088839261333,Medium,False
BG,Consumer Staples,2025-02-05,72.62153625488281,1.3619760657960476,-7.637955061194074,7.637955061194074,5.607995069083569,Medium,False
BXP,Real Estate,2025-10-28,73.77684783935547,1.5276467050553875,-4.9399307541078015,4.9399307541078015,3.233686648725954,Medium,False
BXP,Real Estate,2025-07-29,68.25678253173828,1.639772969343221,-7.099235047595652,7.099235047595652,4.329401191702234,Medium,False
BXP,Real Estate,2025-04-29,64.03360748291016,1.9045353620059329,-1.289930726828974,1.289930726828974,0.6772941855331934,Medium,False
BXP,Real Estate,2025-01-28,71.06139373779297,1.6805234523720836,-1.0658571905226157,1.0658571905226157,0.6342411877788094,Medium,False
CHRW,Industrials,2025-10-29,127.55950927734375,1.5789733177124332,19.021485450401112,19.021485450401112,12.046742802442566,Medium,True
CHRW,Industrials,2025-07-30,98.91019439697266,1.4778909064396166,16.60010292963209,16.60010292963209,11.2322924901293,Medium,True
CHRW,Industrials,2025-04-30,86.98290252685547,1.478967594200857,1.804540280275171,1.804540280275171,1.2201351046168347,Medium,True
CHRW,Industrials,2025-01-29,107.46180725097656,0.8585763563465512,-7.819889995029196,7.819889995029196,9.107972677357093,Medium,False
CDNS,Information Technology,2025-10-27,345.1000061035156,2.24137097969469,-2.8372229350806686,2.8372229350806686,1.2658426297047636,Medium,False
CDNS,Information Technology,2025-07-28,332.19000244140625,1.2952008300021134,11.166702997115753,11.166702997115753,8.621599630304075,Medium,True
CDNS,Information Technology,2025-04-28,289.6300048828125,4.809497396781136,4.199622177545795,4.199622177545795,0.8731935649568052,Medium,True
CDNS,Information Technology,2025-02-18,295.19000244140625,1.501925107689785,-10.05225257986955,10.05225257986955,6.692912002337864,Medium,False
CPT,Real Estate,2025-11-06,100.80575561523438,1.5672421066700624,3.1322434400457664,3.1322434400457664,1.998570244326118,Medium,True
CPT,Real Estate,2025-07-31,109.90927124023438,1.3732513925416105,-3.1410298624943733,3.1410298624943733,2.2872941396993323,Medium,False
CPT,Real Estate,2025-05-01,110.52649688720703,1.3398265616062592,3.8143257010562768,3.8143257010562768,2.846880193570315,Medium,True
CPT,Real Estate,2025-02-06,111.95591735839844,1.5340294158197871,1.393364351438747,1.393364351438747,0.908303541685432,Medium,True
CPB,Consumer Staples,2025-12-09,29.160396575927734,1.6591419313063378,-6.191745319226853,6.191745319226853,3.7318961099076895,Medium,False
CPB,Consumer Staples,2025-09-03,31.072303771972656,1.2209464030342856,3.8143696607821047,3.8143696607821047,3.1241090119129438,Medium,True
CPB,Consumer Staples,2025-06-02,32.72114944458008,1.957785254403327,0.6462956708554193,0.6462956708554193,0.33011571080219954,Medium,True
CPB,Consumer Staples,2025-03-05,39.29728317260742,2.0223362166364254,-1.338953800101073,1.338953800101073,0.6620826888656712,Medium,False
COF,Financials,2025-10-21,214.055908203125,2.629350282159737,1.3775612275897546,1.3775612275897546,0.5239169679812428,Medium,True
COF,Financials,2025-07-22,214.47840881347656,1.0726237210798477,-2.801030238987839,2.801030238987839,2.611381963628349,Medium,False
COF,Financials,2025-04-22,163.56558227539062,6.433771431137515,8.725016061580149,8.725016061580149,1.3561277634691373,High,True
COF,Financials,2025-01-21,188.56509399414062,1.9981988624106575,5.600126180199978,5.600126180199978,2.8025870125078045,Medium,True
CAH,Health Care,2025-10-30,162.38519287109375,1.1734272871496605,15.990759961283132,15.990759961283132,13.627397399395612,Medium,True
CAH,Health Care,2025-08-12,156.5074005126953,1.3310953680668507,-6.0509923044111655,6.0509923044111655,4.545874360000981,Low,False
CAH,Health Care,2025-05-01,138.61521911621094,1.3157918841080432,5.831988975082043,5.831988975082043,4.432303501427557,Medium,True
CAH,Health Care,2025-01-30,126.14627838134766,1.3719852492621463,-3.2091358828520375,3.2091358828520375,2.3390454704800296,Medium,False
CCL,Consumer Discretionary,2025-12-19,28.030000686645508,2.332873615282762,13.620326709839778,13.620326709839778,5.838433175553273,Low,True
CCL,Consumer Discretionary,2025-09-29,30.6200008392334,1.6637783051926296,-5.584588324472758,5.584588324472758,3.3565699871451224,Medium,False
CCL,Consumer Discretionary,2025-06-24,23.770000457763672,2.911135577797297,5.990010698289511,5.990010698289511,2.057619969325454,Medium,True
CCL,Consumer Discretionary,2025-03-21,21.049999237060547,4.441802005176227,1.132074351326048,1.132074351326048,0.2548682606759131,Medium,True
CARR,Industrials,2025-10-28,57.618446350097656,2.448919700527139,4.621017006875119,4.621017006875119,1.8869614246152817,Medium,True
CARR,Industrials,2025-07-29,80.42076873779297,1.5136965226172587,-14.941392276583903,14.941392276583903,9.87079778101721,Medium,False
CARR,Industrials,2025-05-01,60.21440887451172,1.8733327242041127,14.744679166632011,14.744679166632011,7.870827737179631,Medium,True
CARR,Industrials,2025-02-11,63.53105163574219,2.0100339359798816,-3.9710106345225564,3.9710106345225564,1.9755938262737383,Medium,False
CVNA,Consumer Discretionary,2025-10-29,362.20001220703125,4.499309223743751,-13.394547825125791,13.394547825125791,2.977023173788566,Medium,False
CVNA,Consumer Discretionary,2025-07-30,336.5,1.761980639685684,10.249109031068029,10.249109031068029,5.816811377051422,Medium,True
CVNA,Consumer Discretionary,2025-05-07,258.80999755859375,3.8495669631705725,3.4533245459543456,3.4533245459543456,0.8970683141747781,Medium,True
CVNA,Consumer Discretionary,2025-02-19,284.5299987792969,1.625505078515922,-20.76502829876689,20.76502829876689,12.774508411702568,Medium,False
CAT,Industrials,2025-10-29,527.0700073242188,2.077095552418409,11.188448717524995,11.188448717524995,5.386583541858743,Medium,True
CAT,Industrials,2025-08-05,427.4618835449219,1.2993504548671386,-1.37883140843178,1.37883140843178,1.0611697585258233,Medium,False
CAT,Industrials,2025-04-30,305.06280517578125,1.891386846240423,2.134028074920014,2.134028074920014,1.1282874675595305,Medium,True
CAT,Industrials,2025-01-30,385.8934020996094,1.9877767047887507,-5.541283156444542,5.541283156444542,2.787678889230889,Medium,False
CBOE,Financials,2025-10-31,232.67999267578125,1.5537717672659703,4.269245688349813,4.269245688349813,2.747665891665681,Medium,True
CBOE,Financials,2025-08-01,241.67999267578125,1.260520161860821,4.07816217426862,4.07816217426862,3.2353010270365714,Medium,True
CBOE,Financials,2025-05-02,221.18508911132812,1.1811997503668186,4.728537893717705,4.728537893717705,4.003165334440064,Medium,True
CBOE,Financials,2025-02-07,207.07345581054688,1.3232987172772772,1.309188169135471,1.309188169135471,0.9893368383437724,Medium,True
CBRE,Real Estate,2025-10-23,160.8800048828125,1.2288714122646653,-0.4945945762119984,0.4945945762119984,0.40247870629565613,Medium,False
CBRE,Real Estate,2025-07-29,147.57000732421875,1.2397929769650378,7.375817234352764,7.375817234352764,5.949232953721404,Medium,True
CBRE,Real Estate,2025-04-24,118.19000244140625,2.8515135898778277,-1.0815236885036748,1.0815236885036748,0.37928056606246524,High,False
CBRE,Real Estate,2025-02-13,141.7899932861328,1.4303053511092056,2.1898343154721416,2.1898343154721416,1.5310257447991222,Medium,True
CDW,Information Technology,2025-11-04,158.66253662109375,1.0779718724613303,-5.496354347738286,5.496354347738286,5.098791989060415,Medium,False
CDW,Information Technology,2025-08-06,170.73448181152344,1.6442828887329979,-2.0334056777604617,2.0334056777604617,1.2366519725369778,Medium,False
CDW,Information Technology,2025-05-07,163.8363494873047,1.5283199382537895,9.857851958150462,9.857851958150462,6.450123244098834,Medium,True
CDW,Information Technology,2025-02-05,195.49227905273438,0.9146692119004566,0.2608647612834518,0.2608647612834518,0.2852012048611971,Medium,True
COR,Health Care,2025-11-05,340.3702392578125,1.0289692630747724,4.559834137519359,4.559834137519359,4.431458063085027,Medium,True
COR,Health Care,2025-08-06,292.6111145019531,1.0986597238964546,-4.7716893016017545,4.7716893016017545,4.343191251863413,Medium,False
COR,Health Care,2025-05-07,290.38739013671875,1.0988008129301658,-2.420832089612475,2.420832089612475,2.203158262284914,Medium,False
COR,Health Care,2025-02-05,252.481689453125,1.0127069001568398,-2.1624211224461045,2.1624211224461045,2.1352882281252414,Medium,False
CNC,Health Care,2025-10-29,33.150001525878906,2.2481413203952805,5.513714693504176,5.513714693504176,2.452565878970066,Medium,True
CNC,Health Care,2025-07-25,29.420000076293945,2.875993830804309,0.3736935000538491,0.3736935000538491,0.1299354317284265,Low,True
CNC,Health Care,2025-04-25,62.119998931884766,2.4553517565447818,-3.4264380441890356,3.4264380441890356,1.3954978283888682,Medium,False
CNC,Health Care,2025-02-04,64.02999877929688,1.5488428251940691,-6.309781196920418,6.309781196920418,4.073867983428084,Medium,False
CNP,Utilities,2025-10-23,39.80766677856445,0.8105491532498356,-1.2983792528270766,1.2983792528270766,1.6018513468570328,Medium,False
CNP,Utilities,2025-07-24,37.33570098876953,0.8621869662728985,3.3405176333737048,3.3405176333737048,3.8744701138481,Medium,True
CNP,Utilities,2025-04-24,36.61968994140625,1.4070525970367236,2.2763876418077635,2.2763876418077635,1.6178411856115928,High,True
CNP,Utilities,2025-02-20,33.01453399658203,0.9444380379490049,1.2400306386396152,1.2400306386396152,1.3129825238006463,Medium,True
CF,Materials,2025-11-05,84.04869842529297,1.3702908268523788,-3.5508571071737256,3.5508571071737256,2.591316410787196,Medium,False
CF,Materials,2025-08-06,91.62979888916016,1.5927801161950943,-10.000005152503807,10.000005152503807,6.278333745396242,Medium,False
CF,Materials,2025-05-07,80.54489135742188,0.9897920051585024,2.1316118273627023,2.1316118273627023,2.153595721377192,Medium,True
CF,Materials,2025-02-19,81.76318359375,3.0050108927705703,-7.051646549782397,7.051646549782397,2.3466292806948514,Medium,False
CRL,Health Care,2025-11-05,178.86000061035156,2.4637752558438324,-3.9190334447592385,3.9190334447592385,1.5906619061392377,Medium,False
CRL,Health Care,2025-08-06,167.9199981689453,3.641186322098118,-10.573769259676812,10.573769259676812,2.903935235476775,Medium,False
CRL,Health Care,2025-05-07,119.44000244140625,2.575389471219249,22.485049930521676,22.485049930521676,8.730737692997065,Medium,True
CRL,Health Care,2025-02-19,151.99000549316406,1.4155597097003294,5.091003718780091,5.091003718780091,3.596459890666035,Medium,True
SCHW,Financials,2025-10-16,93.12557220458984,1.5246482326887314,-0.20142728352589398,0.20142728352589398,0.13211393894490342,High,False
SCHW,Financials,2025-07-18,90.74564361572266,0.794155267344938,3.383460970288095,3.383460970288095,4.2604527217956525,Medium,True
SCHW,Financials,2025-01-21,75.48550415039062,1.5181990529202485,1.420980690335396,1.420980690335396,0.9359646797316509,Medium,True
CHTR,Communication Services,2025-10-31,241.55999755859375,1.8755114175352245,-3.7762001081965244,3.7762001081965244,2.0134242174644625,Medium,False
CHTR,Communication Services,2025-07-25,398.1099853515625,1.878560641339113,-21.507897627981084,21.507897627981084,11.4491367245134,Low,False
CHTR,Communication Services,2025-04-25,337.510009765625,3.6902299267766634,12.387800139660268,12.387800139660268,3.3569182369296824,Medium,True
CHTR,Communication Services,2025-01-31,359.3299865722656,1.3051691107006564,1.4497073713977162,1.4497073713977162,1.1107429370738533,Medium,True
CVX,Energy,2025-10-31,153.3869171142578,0.661233666380428,0.33871489546541944,0.33871489546541944,0.5122468995257515,Medium,True
CVX,Energy,2025-08-01,150.19195556640625,1.209413668211019,-0.39568263536569415,0.39568263536569415,0.32716897928811506,Medium,False
CVX,Energy,2025-05-02,131.47438049316406,1.7399443957925074,-0.5577605950929723,0.5577605950929723,0.3205623101759664,Medium,False
CVX,Energy,2025-01-31,148.79244995117188,1.0487321649095778,-4.465207414244569,4.465207414244569,4.257719524250085,Medium,False
CMG,Consumer Discretionary,2025-10-29,40.2599983215332,1.7340913731499548,-20.29677597623298,20.29677597623298,11.70455968497447,Medium,False
CMG,Consumer Discretionary,2025-07-23,52.380001068115234,1.3545279384299462,-11.405836674867519,11.405836674867519,8.420525225997329,Medium,False
CMG,Consumer Discretionary,2025-04-23,47.099998474121094,3.915531732956383,6.193602464563644,6.193602464563644,1.5818036698395563,High,True
CMG,Consumer Discretionary,2025-02-04,58.36000061035156,1.7386975289386146,-2.880380802700976,2.880380802700976,1.6566313316493297,Medium,False
CB,Financials,2025-10-21,268.20001220703125,1.3291690392154853,5.080588345699341,5.080588345699341,3.8223793932922585,Medium,True
CB,Financials,2025-07-22,274.0199890136719,0.8812365160029726,-3.067491110946879,3.067491110946879,3.480894238087306,Medium,False
CB,Financials,2025-04-22,278.8418884277344,2.607037632858344,-2.8992551484125695,2.8992551484125695,1.1120879544933302,High,False
CB,Financials,2025-01-28,274.6938781738281,1.8842155446205724,0.9218746932744089,0.9218746932744089,0.48926180229557986,Medium,True
CHD,Consumer Staples,2025-10-31,81.5557632446289,1.1968060747828349,5.476770780871982,5.476770780871982,4.576155566277322,Medium,True
CHD,Consumer Staples,2025-08-01,95.31214904785156,1.065433639722756,-2.4208127896039255,2.4208127896039255,2.272138497742443,Medium,False
CHD,Consumer Staples,2025-05-01,98.04036712646484,1.4514971487344894,-6.442516068770327,6.442516068770327,4.438531673580851,Medium,False
CHD,Consumer Staples,2025-01-31,105.434326171875,1.6448250039369006,-0.6441353448750894,0.6441353448750894,0.39161329827388736,Medium,False
CI,Health Care,2025-10-30,306.6872253417969,1.854346497322963,-18.290317050301468,18.290317050301468,9.863484023458604,Medium,False
CI,Health Care,2025-07-31,289.07794189453125,1.5536388189855184,-11.961988948720101,11.961988948720101,7.699337067627428,Medium,False
CI,Health Care,2025-05-02,334.8284606933594,1.3211764801765262,-0.6474062924792187,0.6474062924792187,0.49002256866752336,Medium,False
CI,Health Care,2025-01-30,296.72113037109375,1.5411456299837307,-3.0002289835696585,3.0002289835696585,1.9467524192384926,Medium,False
CINF,Financials,2025-10-27,155.855224609375,1.3919914782342944,-3.685603520823962,3.685603520823962,2.647719887983119,Medium,False
CINF,Financials,2025-07-28,147.7947540283203,1.2748945593602694,1.6383228484711534,1.6383228484711534,1.2850653698712535,Medium,True
CINF,Financials,2025-04-28,131.46243286132812,2.587506448755011,2.4582429668307824,2.4582429668307824,0.9500432232791443,Medium,True
CINF,Financials,2025-02-10,133.87332153320312,1.2456421995776996,-1.4378517264039214,1.4378517264039214,1.1543055677556406,Medium,False
CTAS,Industrials,2025-12-18,187.6199951171875,1.0752037795510938,0.10674719124914084,0.10674719124914084,0.09928089286824182,Medium,True
CTAS,Industrials,2025-09-24,202.10484313964844,0.8987368085684668,0.7278572346320472,0.7278572346320472,0.8098669462435822,Medium,True
CTAS,Industrials,2025-07-17,212.29690551757812,1.5449845597151408,3.7005922594709917,3.7005922594709917,2.3952292831672666,Medium,True
CTAS,Industrials,2025-03-26,193.3567657470703,1.5055352348020041,6.611178917830161,6.611178917830161,4.391248218577634,Medium,True
CSCO,Information Technology,2025-11-12,71.32831573486328,1.5357150604638892,5.462407627574958,5.462407627574958,3.556914800278734,Medium,True
CSCO,Information Technology,2025-08-13,70.57392120361328,1.4884191826782078,-5.965922729864503,5.965922729864503,4.008227520374762,Low,False
CSCO,Information Technology,2025-05-14,60.71721267700195,0.9324158167075799,3.8015915099877375,3.8015915099877375,4.077141809339315,Medium,True
CSCO,Information Technology,2025-02-12,60.9491081237793,1.6971943343487654,3.742215148564007,3.742215148564007,2.2049420463095886,Medium,True
C,Financials,2026-01-14,117.69999694824219,1.9116626942452062,0.9974170268925981,0.9974170268925981,0.5217536701925413,Medium,True
C,Financials,2025-10-14,93.3732681274414,1.1861537609459534,3.829344110436557,3.829344110436557,3.228370753031773,Medium,True
C,Financials,2025-07-15,85.65263366699219,1.402796760270838,2.8799965531650886,2.8799965531650886,2.053039067903926,Medium,True
C,Financials,2025-04-15,60.3913688659668,5.236615706705282,-1.7715920284455893,1.7715920284455893,0.33830858089837196,High,False
CFG,Financials,2025-10-15,49.799678802490234,1.9021652586353213,-6.583010393784996,6.583010393784996,3.460798352771869,Medium,False
CFG,Financials,2025-07-17,45.872440338134766,1.5588128215872723,3.4277232582705848,3.4277232582705848,2.1989319120305164,Medium,True
CFG,Financials,2025-04-16,34.57569885253906,5.580656628151062,-1.800559861887972,1.800559861887972,0.322643011721099,High,False
CLX,Consumer Staples,2025-11-03,112.45999908447266,1.4080917756643772,-0.20157707708764327,0.20157707708764327,0.14315620655658867,Medium,False
CLX,Consumer Staples,2025-07-31,123.61418914794922,1.678703069877853,-1.0911043881045828,1.0911043881045828,0.6499686619289822,Medium,False
CLX,Consumer Staples,2025-05-05,136.25189208984375,1.6192539336962273,-1.3801529796731653,1.3801529796731653,0.8523388153967472,Medium,False
CLX,Consumer Staples,2025-02-03,154.11801147460938,1.2453052261315014,-8.655657613111751,8.655657613111751,6.950631404639856,Medium,False
CME,Financials,2025-10-22,266.3919677734375,1.200325822220871,0.10797332807695736,0.10797332807695736,0.0899533493974016,Medium,True
CME,Financials,2025-07-23,272.4350280761719,1.1691988567636729,0.9248424983825856,0.9248424983825856,0.791005305070634,Medium,True
CME,Financials,2025-04-23,256.72625732421875,1.851318320333646,-0.8623406031548188,0.8623406031548188,0.4657981254133579,High,False
CME,Financials,2025-02-12,237.289306640625,0.9938980650365822,3.462388814145339,3.462388814145339,3.4836457942172365,Medium,True
CMS,Utilities,2025-10-30,72.88882446289062,0.8739956138165771,1.7429771454566219,1.7429771454566219,1.9942630350801913,Medium,True
CMS,Utilities,2025-07-31,71.20501708984375,1.055472031365688,2.646535916575734,2.646535916575734,2.50744296194315,Medium,True
CMS,Utilities,2025-04-24,72.07083892822266,1.538450943804205,-1.7959236097437221,1.7959236097437221,1.1673583853787703,High,False
CMS,Utilities,2025-02-06,64.21375274658203,1.3427651135965926,2.353993997075739,2.353993997075739,1.753094396957166,Medium,True
KO,Consumer Staples,2025-10-21,67.962646484375,0.9029927853233187,3.462876066457117,3.462876066457117,3.834887855961359,Medium,True
KO,Consumer Staples,2025-07-22,68.83489990234375,0.8976732967541942,-1.2986886714850545,1.2986886714850545,1.4467275301391398,Medium,False
KO,Consumer Staples,2025-04-29,70.36468505859375,1.1258365049806338,1.058642959482367,1.058642959482367,0.9403167820540491,Medium,True
KO,Consumer Staples,2025-02-11,62.01049041748047,1.4355625716947513,6.4446213681213464,6.4446213681213464,4.489265389883465,Medium,True
CTSH,Information Technology,2025-10-29,67.75359344482422,1.8030924612579027,6.443530330148873,6.443530330148873,3.573599506735019,Medium,True
CTSH,Information Technology,2025-07-30,74.25341033935547,1.0603053706574141,-3.998367466398081,3.998367466398081,3.770958421081089,Medium,False
CTSH,Information Technology,2025-04-30,72.37107849121094,1.3664313001304969,5.61370005782361,5.61370005782361,4.108292935976723,Medium,True
CTSH,Information Technology,2025-02-05,82.21061706542969,0.5945658590480452,3.110036687458483,3.110036687458483,5.230769039510507,Medium,True
COIN,Financials,2025-10-30,348.6099853515625,3.777720904006891,0.5814141442667347,0.5814141442667347,0.15390606109891544,Medium,True
COIN,Financials,2025-07-31,377.4800109863281,2.142112124672347,-15.774564484700818,15.774564484700818,7.364023714264565,Medium,False
COIN,Financials,2025-05-08,196.55999755859375,3.2586231192893473,0.34866887201119856,0.34866887201119856,0.10699883332541922,Medium,True
CL,Consumer Staples,2025-10-31,75.7300033569336,1.3166632770870683,-1.9997369449456084,1.9997369449456084,1.5187914630456953,Medium,False
CL,Consumer Staples,2025-08-01,85.22858428955078,1.0075423792223372,-0.5843809851121987,0.5843809851121987,0.5800063572147189,Medium,False
CL,Consumer Staples,2025-04-25,92.70879364013672,1.5913735426739146,-1.8770223462145863,1.8770223462145863,1.1794982735861679,Medium,False
CL,Consumer Staples,2025-01-31,87.95121765136719,1.321642935400777,-4.246898783791524,4.246898783791524,3.2133480761229114,Medium,False
CMCSA,Communication Services,2025-10-30,27.123458862304688,1.130096137638929,-2.4185044596124103,2.4185044596124103,2.1400873598818846,Medium,False
CMCSA,Communication Services,2025-07-31,30.092578887939453,1.9571474536968008,0.061542050949672855,0.061542050949672855,0.0314447696996094,Medium,True
CMCSA,Communication Services,2025-04-24,31.063596725463867,2.9433017543685236,-1.6536248157765456,1.6536248157765456,0.5618264635361269,High,False
CMCSA,Communication Services,2025-01-30,33.799861907958984,0.907492595657982,-9.903627638193122,9.903627638193122,10.913177347758355,Medium,False
FIX,Industrials,2025-10-23,790.232421875,2.262000562060781,18.357576648599476,18.357576648599476,8.115637527461498,Medium,True
FIX,Industrials,2025-07-24,547.1821899414062,1.6742209115545743,23.1224154127429,23.1224154127429,13.810850917680215,Low,True
FIX,Industrials,2025-04-24,354.882568359375,5.328661867895123,4.835064445437996,4.835064445437996,0.9073693481226454,Medium,True
FIX,Industrials,2025-02-20,394.4630432128906,3.9475900780186803,-6.173297121871626,6.173297121871626,1.5638141245329207,Medium,False
CAG,Consumer Staples,2025-12-19,17.920000076293945,1.2385776376619986,-3.033702423168672,3.033702423168672,2.44934377217987,Low,False
CAG,Consumer Staples,2025-10-01,17.67671012878418,1.3523072946064352,4.7515131464313685,4.7515131464313685,3.5136341905293142,Medium,True
CAG,Consumer Staples,2025-07-10,19.868722915649414,1.994854884873072,-4.808636662120621,4.808636662120621,2.4105195313124663,Medium,False
CAG,Consumer Staples,2025-04-03,25.227237701416016,1.147214484985374,1.1372310950101423,1.1372310950101423,0.991297712759128,High,True
COP,Energy,2025-11-06,87.10181427001953,1.5162759856969907,-0.9920069089190098,0.9920069089190098,0.6542390160344136,Medium,False
COP,Energy,2025-08-07,91.58761596679688,1.5854472050800046,0.8592026335406212,0.8592026335406212,0.5419307756118339,Medium,True
COP,Energy,2025-05-08,85.38727569580078,2.0905322649878597,1.0033030416888835,1.0033030416888835,0.47992707813802143,Medium,True
COP,Energy,2025-02-06,97.21694946289062,1.4214053271152387,-1.846120182010318,1.846120182010318,1.2987992564774213,Medium,False
ED,Utilities,2025-11-06,95.316162109375,1.071552260556113,1.2887868028916682,1.2887868028916682,1.20272883585054,Medium,True
ED,Utilities,2025-08-07,102.44303894042969,0.9413467184302545,-0.8380882646146313,0.8380882646146313,0.8903077348717886,Medium,False
ED,Utilities,2025-05-01,109.96485900878906,1.129795317785648,-2.700787391724777,2.700787391724777,2.390510342190308,Medium,False
ED,Utilities,2025-02-20,92.90689849853516,1.113960123667649,4.093564719551483,4.093564719551483,3.674785688085188,Medium,True
STZ,Consumer Staples,2026-01-07,143.64999389648438,1.9977841660114972,4.63377767264213,4.63377767264213,2.319458603925817,Medium,True
STZ,Consumer Staples,2025-10-06,141.09262084960938,1.4799743359807922,2.9197511626486317,2.9197511626486317,1.97283904974858,Medium,True
STZ,Consumer Staples,2025-07-01,160.4767608642578,1.2835813531474596,3.545259271721076,3.545259271721076,2.762005900933177,Medium,True
STZ,Consumer Staples,2025-04-09,167.71856689453125,1.7024988177573128,1.2159187367960056,1.2159187367960056,0.7141965234359017,High,True
CEG,Utilities,2025-11-07,362.83367919921875,3.530532919411748,2.7412541993514816,2.7412541993514816,0.7764420448480693,Medium,True
CEG,Utilities,2025-08-07,342.76300048828125,2.2677149851631264,-0.7962506033879017,0.7962506033879017,0.351124638059674,Medium,False
CEG,Utilities,2025-05-06,246.34266662597656,3.7402413911779684,7.995325676165939,7.995325676165939,2.1376496434225745,Medium,True
CEG,Utilities,2025-02-18,315.5322570800781,2.5393211116090333,1.3756749570887408,1.3756749570887408,0.5417491119179679,Medium,True
COO,Health Care,2025-12-04,75.9800033569336,2.2027067354985004,1.3111802573491977,1.3111802573491977,0.5952586589119686,Medium,True
COO,Health Care,2025-08-27,73.66000366210938,1.5376277352298842,-9.054107447322588,9.054107447322588,5.888361168230975,Low,False
COO,Health Care,2025-05-29,80.12000274658203,1.8588025453351666,-16.208103092624153,16.208103092624153,8.719647567354508,Medium,False
COO,Health Care,2025-03-06,91.33000183105469,1.2321783020816384,-12.189496106937641,12.189496106937641,9.89263979599766,Medium,False
CPRT,Industrials,2025-11-20,41.369998931884766,1.702801225345782,-5.1438337074718685,5.1438337074718685,3.020806909759727,Medium,False
CPRT,Industrials,2025-09-04,48.119998931884766,0.9999457590050892,-2.44146726215741,2.44146726215741,2.4415996969541465,Medium,False
CPRT,Industrials,2025-02-20,59.7400016784668,0.9139014534070778,-2.524907574513053,2.524907574513053,2.762778815046251,Medium,False
GLW,Information Technology,2025-10-28,87.11283111572266,2.333805095030481,1.029425785207418,1.029425785207418,0.44109329755061355,Medium,True
GLW,Information Technology,2025-07-29,54.94767761230469,1.571797038817727,12.994043093207882,12.994043093207882,8.266998074370806,Medium,True
GLW,Information Technology,2025-04-29,43.60518264770508,2.011323597807688,0.6349265889685121,0.6349265889685121,0.315676000450933,Medium,True
GLW,Information Technology,2025-01-29,48.60622787475586,3.6921776162702127,-2.420464422442545,2.420464422442545,0.6555655426153807,Medium,False
CPAY,Financials,2025-11-05,261.1700134277344,2.52715561050431,5.67083044802729,5.67083044802729,2.243957762021485,Medium,True
CPAY,Financials,2025-08-06,318.5799865722656,1.7675915213510183,-4.243499795722948,4.243499795722948,2.4007242309464836,Medium,False
CPAY,Financials,2025-05-06,328.1600036621094,1.9829153899389833,0.21146906841655685,0.21146906841655685,0.10664553288028292,Medium,True
CPAY,Financials,2025-02-05,379.6600036621094,0.919302819712689,-3.295862205370173,3.295862205370173,3.585175781795419,Medium,False
CTVA,Materials,2025-11-04,61.89443588256836,1.119598581297465,1.0399999020825212,1.0399999020825212,0.9289042693116853,Medium,True
CTVA,Materials,2025-08-06,71.9421157836914,0.8885748912433764,-0.3653187960049284,0.3653187960049284,0.41112887569188505,Medium,False
CTVA,Materials,2025-05-07,61.983097076416016,0.9139685364490363,8.49871022327218,8.49871022327218,9.29869014560555,Medium,True
CTVA,Materials,2025-02-05,65.03278350830078,1.2936145793804688,-2.319016031700723,2.319016031700723,1.7926638031641033,Medium,False
CSGP,Real Estate,2025-10-28,78.12000274658203,1.3333244995208926,-10.98044688569455,10.98044688569455,8.235389726687078,Medium,False
CSGP,Real Estate,2025-07-22,85.01000213623047,1.1644624795171432,9.159223916090282,9.159223916090282,7.865623905622319,Medium,True
CSGP,Real Estate,2025-04-29,81.73999786376953,2.401292374586198,-7.400236206801434,7.400236206801434,3.081772251109854,Medium,False
CSGP,Real Estate,2025-02-18,74.05999755859375,1.3129863045337122,3.8033432035551,3.8033432035551,2.896712014757687,Medium,True
COST,Consumer Staples,2025-12-11,874.4099731445312,1.2682621270981846,-2.7044120204370614,2.7044120204370614,2.1323762356799407,Medium,False
COST,Consumer Staples,2025-09-25,943.9345703125,1.0021945568457793,-2.8028963497701764,2.8028963497701764,2.7967587038107355,Medium,False
COST,Consumer Staples,2025-05-29,1010.3090209960938,1.1437278347964315,4.769311841534032,4.769311841534032,4.169970946263546,Medium,True
COST,Consumer Staples,2025-03-06,1043.4627685546875,1.587748517408281,-8.98190870604383,8.98190870604383,5.657009663410179,Medium,False
CTRA,Energy,2025-11-03,23.460796356201172,1.3740436598958718,5.576061176740403,5.576061176740403,4.058139737104838,Medium,True
CTRA,Energy,2025-08-04,23.28699493408203,2.0592251835230675,1.3372295301826143,1.3372295301826143,0.6493847981670405,Medium,True
CTRA,Energy,2025-05-05,25.000526428222656,2.110111547350535,-10.565895428370196,10.565895428370196,5.0072686638944655,Medium,False
CTRA,Energy,2025-02-24,27.1846866607666,2.124843878492134,-3.9671056818985284,3.9671056818985284,1.867010429356217,Medium,False
CRH,Materials,2025-11-05,117.31999969482422,1.0665148709425745,-2.3082892808950906,2.3082892808950906,2.164329203262819,Medium,False
CRH,Materials,2025-08-06,97.94999694824219,1.51812784746238,11.987709795650261,11.987709795650261,7.896376985435229,Medium,True
CRH,Materials,2025-05-05,98.1269760131836,1.883070710804264,-6.544528882026338,6.544528882026338,3.475455724777937,Medium,False
CRH,Materials,2025-02-26,99.50932312011719,2.1032664938891705,0.18566759481678652,0.18566759481678652,0.08827582969453707,Medium,True
CRWD,Information Technology,2025-12-02,504.1300048828125,2.2780310791078127,-0.6640195057280648,0.6640195057280648,0.2914883435164225,Medium,False
CRWD,Information Technology,2025-08-27,417.6000061035156,1.1735864227082893,0.25792737825680434,0.25792737825680434,0.21977706393499719,Low,True
CRWD,Information Technology,2025-06-03,479.1700134277344,1.9171806975303896,-5.282757756020222,5.282757756020222,2.7554824450429685,Medium,False
CRWD,Information Technology,2025-03-04,382.7300109863281,3.375897160217905,-10.875023651201044,10.875023651201044,3.221372907727761,Medium,False
CCI,Real Estate,2025-10-22,97.49713134765625,1.0289218483917422,0.8085915379334251,0.8085915379334251,0.7858629294317108,Medium,True
CCI,Real Estate,2025-07-23,107.74732971191406,1.3589050940040215,1.5948294997285155,1.5948294997285155,1.173613600217909,Medium,True
CCI,Real Estate,2025-04-30,100.26902770996094,1.7742535378239492,1.049551323654346,1.049551323654346,0.5915452900500221,Medium,True
CCI,Real Estate,2025-03-13,90.6208724975586,1.5564425502822263,10.034760184592347,10.034760184592347,6.447240974472694,Medium,True
CSX,Industrials,2025-10-16,36.10654067993164,1.7902144412471284,1.8894089225982884,1.8894089225982884,1.0554092733617195,Medium,True
CSX,Industrials,2025-07-23,34.96054458618164,1.598479366004483,2.259070264561269,2.259070264561269,1.4132620743225366,Medium,True
CSX,Industrials,2025-01-23,32.715877532958984,0.9951341636868666,-0.08909644805613767,0.08909644805613767,0.08953209658288162,Low,False
CMI,Industrials,2025-11-06,426.8966979980469,2.3647573364750167,7.77812935256998,7.77812935256998,3.289187111335622,Medium,True
CMI,Industrials,2025-08-05,352.51251220703125,1.716399565554572,5.556014661711274,5.556014661711274,3.2370170519800348,Medium,True
CMI,Industrials,2025-05-05,295.36602783203125,1.752133143432067,-0.5035876226965309,0.5035876226965309,0.2874140156438721,Medium,False
CMI,Industrials,2025-02-04,349.2610778808594,1.8445725852824173,6.231881298384515,6.231881298384515,3.3784961069614776,Medium,True
CVS,Health Care,2025-10-29,82.44999694824219,0.840865802277898,-6.70315658321173,6.70315658321173,7.971731713970218,Medium,False
CVS,Health Care,2025-07-31,59.51347351074219,2.001769156124745,0.27287247682624177,0.27287247682624177,0.13631565657375783,Medium,True
CVS,Health Care,2025-05-01,63.806800842285156,1.2178392534032603,1.1242701073648522,1.1242701073648522,0.9231679010370799,Medium,True
CVS,Health Care,2025-02-12,52.72526168823242,1.5338686633621323,20.672746209783945,20.672746209783945,13.477520405476398,Medium,True
DHR,Health Care,2025-10-21,208.77098083496094,1.4448575097663936,4.659533792187762,4.659533792187762,3.2249088651939952,Medium,True
DHR,Health Care,2025-07-22,189.4525909423828,1.7308776508567671,5.221447539809998,5.221447539809998,3.016647385345483,Medium,True
DHR,Health Care,2025-04-22,185.94686889648438,4.967215634661186,6.1364656093988845,6.1364656093988845,1.2353934398536441,High,True
DHR,Health Care,2025-01-29,249.025634765625,1.3223909616408933,-9.990313514397611,9.990313514397611,7.554735176048918,Medium,False
DRI,Consumer Discretionary,2025-12-18,184.15570068359375,1.6145872953326468,0.17938961945911397,0.17938961945911397,0.11110555618620489,Medium,True
DRI,Consumer Discretionary,2025-09-18,206.80902099609375,0.578980883546287,-11.523541137807001,11.523541137807001,19.90314614055085,Medium,False
DRI,Consumer Discretionary,2025-06-20,217.7992401123047,1.2497839064999783,-0.6329967490539062,0.6329967490539062,0.5064849577289042,Medium,False
DRI,Consumer Discretionary,2025-03-20,182.57887268066406,2.082864114893725,6.260950284860908,6.260950284860908,3.0059331475785513,Medium,True
DDOG,Information Technology,2025-11-06,157.50999450683594,1.69232784680324,23.396574245215184,23.396574245215184,13.825083768142596,Medium,True
DDOG,Information Technology,2025-08-07,132.94000244140625,2.63516630747996,-4.4173501425107995,4.4173501425107995,1.6763079164954724,Medium,False
DDOG,Information Technology,2025-05-06,105.0,2.44636512581428,0.3027433340238525,0.3027433340238525,0.12375230942808813,Medium,True
DDOG,Information Technology,2025-02-13,145.4199981689453,2.778961391447844,-11.533528430971106,11.533528430971106,4.150301787734487,Medium,False
DVA,Health Care,2025-10-29,129.61000061035156,1.0648025785461546,-5.957649384464102,5.957649384464102,5.595074152241888,Medium,False
DVA,Health Care,2025-08-05,139.52000427246094,2.5054019882272422,-9.1303739261052,9.1303739261052,3.6442750381010183,Medium,False
DVA,Health Care,2025-05-12,143.75999450683594,0.8728122535021593,-3.1364668067704526,3.1364668067704526,3.5935183015423755,Medium,False
DAY,Industrials,2025-10-29,68.4000015258789,0.23780331333305435,0.5558766091649607,0.5558766091649607,2.3375477884382136,Medium,True
DAY,Industrials,2025-08-06,55.13999938964844,1.7783526714802278,-0.7705315814067595,0.7705315814067595,0.4332839001869076,Medium,False
DAY,Industrials,2025-05-07,58.400001525878906,1.9927897676677557,0.24059667924006822,0.24059667924006822,0.12073359826694036,Medium,True
DAY,Industrials,2025-02-05,71.08000183105469,1.635632759658278,-8.461109388866763,8.461109388866763,5.172988458995213,Medium,False
DECK,Consumer Discretionary,2025-10-23,100.88999938964844,2.7762450296603,-11.771015786090649,11.771015786090649,4.239905217419135,Medium,False
DECK,Consumer Discretionary,2025-07-24,108.08999633789062,2.418080384203936,7.099291761882633,7.099291761882633,2.935920496381601,Low,True
DECK,Consumer Discretionary,2025-01-30,218.89999389648438,1.5294217376494252,-23.52202751287347,23.52202751287347,15.379686932542606,Medium,False
DE,Industrials,2025-11-26,485.5504150390625,1.096246352745931,-6.753259591394708,6.753259591394708,6.160348515166154,Medium,False
DE,Industrials,2025-08-14,502.3518371582031,1.8594481798282425,-4.8175346189259765,4.8175346189259765,2.5908410200336816,Low,False
DE,Industrials,2025-05-15,493.5596618652344,1.4830596034526466,6.830138305552652,6.830138305552652,4.605437495331748,Medium,True
DE,Industrials,2025-02-13,467.8988342285156,0.9997914807094896,0.7680021104608674,0.7680021104608674,0.7681622871159737,Medium,True
DELL,Information Technology,2025-11-25,127.22000122070312,3.4097548942375573,5.900578178695303,5.900578178695303,1.7304992181893208,Medium,True
DELL,Information Technology,2025-05-29,112.90454864501953,2.670840282016014,-4.884267788439485,4.884267788439485,1.8287382519005302,Medium,False
DELL,Information Technology,2025-02-27,114.0389175415039,3.256162059718142,-11.379020312265457,11.379020312265457,3.4946111721633537,Medium,False
DAL,Industrials,2026-01-13,72.30999755859375,1.5854585931663783,-3.5759551727145436,3.5759551727145436,2.2554705547830616,Medium,False
DAL,Industrials,2025-10-09,56.45745086669922,1.5038212258613872,0.6302568856996632,0.6302568856996632,0.4191035974629582,Medium,True
DAL,Industrials,2025-07-10,50.18941116333008,1.7301382762413795,11.735706501117487,11.735706501117487,6.783103213352749,Medium,True
DAL,Industrials,2025-04-09,36.93732452392578,3.8772238523816305,9.69899335295458,9.69899335295458,2.501530404801585,High,True
DVN,Energy,2025-11-05,32.34178924560547,1.4772115684610807,4.205326331974754,4.205326331974754,2.8468002971001303,Medium,True
DVN,Energy,2025-08-05,31.516637802124023,1.9457454685149138,0.2475948404121252,0.2475948404121252,0.1272493470593055,Medium,True
DVN,Energy,2025-05-06,30.00290870666504,2.6317971344968796,4.380514284888855,4.380514284888855,1.664457426246981,Medium,True
DVN,Energy,2025-02-18,33.70081329345703,2.0956117951308624,10.521787273028748,10.521787273028748,5.02086660204721,Medium,True
DXCM,Health Care,2025-10-30,68.18000030517578,1.4477808724319208,-11.392957464445566,11.392957464445566,7.869255411081761,Medium,False
DXCM,Health Care,2025-07-30,89.3499984741211,1.3636057053276303,-10.98135981068547,10.98135981068547,8.053178252174447,Medium,False
DXCM,Health Care,2025-05-01,71.37999725341797,2.2642791370691113,14.247074014354686,14.247074014354686,6.29210143798619,Medium,True
FANG,Energy,2025-11-03,142.21038818359375,1.5574939891942792,-2.817312841465277,2.817312841465277,1.8088755789823148,Medium,False
FANG,Energy,2025-08-04,144.10333251953125,1.827984921448977,-2.314255862184655,2.314255862184655,1.2660147439018419,Medium,False
FANG,Energy,2025-05-05,133.97183227539062,2.673838026816407,-2.637507594606047,2.637507594606047,0.9864126278981765,Medium,False
FANG,Energy,2025-02-24,151.80990600585938,2.114731492792168,-1.8037774041536971,1.8037774041536971,0.8529581227222823,Medium,False
DLR,Real Estate,2025-10-23,171.04086303710938,1.444077304978102,1.5679360313178545,1.5679360313178545,1.08577014950154,Medium,True
DLR,Real Estate,2025-07-24,176.56626892089844,0.9830969126571375,-2.3886310927831076,2.3886310927831076,2.429700533111287,Low,False
DLR,Real Estate,2025-04-24,148.2967071533203,2.563193260463158,4.29268551004458,4.29268551004458,1.674741259763187,Medium,True
DG,Consumer Staples,2025-12-04,109.56272888183594,1.9820850687413356,20.45680988882284,20.45680988882284,10.320853636122354,Medium,True
DG,Consumer Staples,2025-08-28,109.36917877197266,1.1740368532091663,-2.194239198427733,2.194239198427733,1.8689696089436194,Low,False
DG,Consumer Staples,2025-06-03,95.76646423339844,2.841850399039781,15.025216122244215,15.025216122244215,5.287124236842661,Medium,True
DG,Consumer Staples,2025-03-13,76.94384002685547,3.634428027700239,5.571126981754085,5.571126981754085,1.5328758581248705,Medium,True
DLTR,Consumer Staples,2025-12-03,109.88999938964844,2.589268418956461,6.312510338253298,6.312510338253298,2.437951311667175,Medium,True
DLTR,Consumer Staples,2025-09-03,109.16999816894531,1.1573780121401365,-9.968566345962591,9.968566345962591,8.61306007319896,Medium,False
DLTR,Consumer Staples,2025-06-04,91.23999786376953,1.958363228557924,-0.05169877080926798,0.05169877080926798,0.026398969330800444,Medium,False
DLTR,Consumer Staples,2025-03-26,69.73999786376953,3.443151278042146,14.611256550154577,14.611256550154577,4.2435708948759485,Medium,True
D,Utilities,2025-10-31,58.33148956298828,0.9762942827805559,-1.7305095363264478,1.7305095363264478,1.7725285980348395,Medium,False
D,Utilities,2025-08-01,56.94527053833008,0.961054289646088,4.585117038949428,4.585117038949428,4.770924065734013,Medium,True
D,Utilities,2025-05-01,52.45883560180664,1.5061678859683925,1.1401292073810712,1.1401292073810712,0.7569735206829374,Medium,True
D,Utilities,2025-02-12,52.792884826660156,1.9182820491099446,1.7950097360557895,1.7950097360557895,0.9357381709788967,Medium,True
DPZ,Consumer Discretionary,2025-10-14,404.7322082519531,1.4567798310333693,2.25346138047532,2.25346138047532,1.5468784866940553,Medium,True
DPZ,Consumer Discretionary,2025-07-21,462.2857971191406,1.095297561312944,3.2235223489869838,3.2235223489869838,2.9430562642017715,Medium,True
DPZ,Consumer Discretionary,2025-04-28,481.8793640136719,2.240932654248849,1.1998121369034582,1.1998121369034582,0.5354074941201793,High,True
DPZ,Consumer Discretionary,2025-02-24,455.1092529296875,1.6596111297191734,1.6804778643091742,1.6804778643091742,1.0125732674458092,Medium,True
DASH,Consumer Discretionary,2025-11-05,239.92999267578125,2.325832082411476,-14.155463210674895,14.155463210674895,6.0861931167439165,Medium,False
DASH,Consumer Discretionary,2025-08-06,255.27999877929688,1.6229762885225734,0.4301053653495161,0.4301053653495161,0.265010258246625,Medium,True
DASH,Consumer Discretionary,2025-05-06,205.08999633789062,2.5268503210497983,-13.831542963744253,13.831542963744253,5.473827574400148,Medium,False
DASH,Consumer Discretionary,2025-02-11,192.6300048828125,1.171225912596437,6.49956149452528,6.49956149452528,5.54936620221858,Medium,True
DOV,Industrials,2025-10-23,172.5567169189453,1.2073435954599798,5.858837622814562,5.858837622814562,4.85266799347408,Medium,True
DOV,Industrials,2025-07-24,188.46939086914062,0.9735091992136884,-2.3048667801968703,2.3048667801968703,2.3675860300637432,Medium,False
DOV,Industrials,2025-04-24,162.16998291015625,3.565814366605328,1.5990263907860525,1.5990263907860525,0.4484323148622942,High,True
DOV,Industrials,2025-01-30,195.88192749023438,0.9961964611588147,3.2022595244528502,3.2022595244528502,3.2144859466052074,Medium,True
DOW,Materials,2025-10-23,21.431617736816406,2.763601576899451,14.331792219979286,14.331792219979286,5.185911145722553,Medium,True
DOW,Materials,2025-07-24,28.809505462646484,2.8828420966711295,-16.002638036214805,16.002638036214805,5.550993602699691,Medium,False
DOW,Materials,2025-04-24,27.483545303344727,6.449062659420769,3.5172368611536413,3.5172368611536413,0.5453872984185808,High,True
DOW,Materials,2025-01-30,38.53907012939453,1.3531445467416465,-4.872120361067222,4.872120361067222,3.600591210155058,Medium,False
DHI,Consumer Discretionary,2025-10-28,157.46327209472656,1.9666295487744785,-6.653667942098669,6.653667942098669,3.383284841949495,Medium,False
DHI,Consumer Discretionary,2025-07-22,131.05270385742188,2.535471181407784,12.917239463797564,12.917239463797564,5.0946110366064,Medium,True
DHI,Consumer Discretionary,2025-01-21,145.9152069091797,1.6437944352238005,-0.4876448048448252,0.4876448048448252,0.2966580214626612,Medium,False
DTE,Utilities,2025-10-30,138.38668823242188,0.7656825473585747,-2.3909119002387387,2.3909119002387387,3.122589000476535,Medium,False
DTE,Utilities,2025-07-29,137.07791137695312,0.8292186793970537,-1.4342919951730733,1.4342919951730733,1.7296908895202214,Medium,False
DTE,Utilities,2025-05-01,133.36912536621094,1.4568121376498278,-0.4671294523400843,0.4671294523400843,0.3206518124524081,Medium,False
DTE,Utilities,2025-02-13,120.81196594238281,1.2740604892026623,3.905308360796379,3.905308360796379,3.06524564091962,Medium,True
DUK,Utilities,2025-11-07,122.70344543457031,0.7169711870939378,-0.86290632340986,0.86290632340986,1.2035439344605094,Medium,False
DUK,Utilities,2025-08-05,120.80651092529297,1.0143790293684163,0.8375553044617086,0.8375553044617086,0.8256827874125083,Medium,True
DUK,Utilities,2025-05-06,118.42218780517578,1.0144896015995224,1.532083595157691,1.532083595157691,1.5102013788432036,Medium,True
DUK,Utilities,2025-02-13,112.61685943603516,1.0496603664012398,-3.2113718355391327,3.2113718355391327,3.0594389750556363,Medium,False
DD,Materials,2025-11-06,37.568519592285156,2.6660878647820647,0.428963149106925,0.428963149106925,0.16089610352807707,Medium,True
DD,Materials,2025-08-05,28.9614315032959,1.6782007692919783,-0.15513109981012324,0.15513109981012324,0.09243893975544536,Medium,False
DD,Materials,2025-05-02,27.163360595703125,1.8986369218761987,-1.120358020683058,1.120358020683058,0.5900854490788794,Medium,False
DD,Materials,2025-02-11,31.03679847717285,0.9456755279705588,7.2121649624424995,7.2121649624424995,7.6264688565220355,Medium,True
ETN,Industrials,2025-11-04,381.55999755859375,1.963299378692352,-0.2923157154985275,0.2923157154985275,0.14889003616617208,Medium,False
ETN,Industrials,2025-08-05,380.1828308105469,1.8205376463635323,-6.9134019440935095,6.9134019440935095,3.797450691504686,Medium,False
ETN,Industrials,2025-05-02,292.4967346191406,2.346873567322822,-0.6763666996508105,0.6763666996508105,0.2881990359720872,Medium,False
ETN,Industrials,2025-01-31,314.4272155761719,5.1836102812899405,-3.5738282957342418,3.5738282957342418,0.6894477211440547,Medium,False
EBAY,Consumer Discretionary,2025-10-29,99.22991943359375,1.3940673666237473,-18.314243961578764,18.314243961578764,13.137273276781107,Medium,False
EBAY,Consumer Discretionary,2025-07-30,77.97956848144531,1.5354470185747382,18.282608549268666,18.282608549268666,11.907026636607297,Medium,True
EBAY,Consumer Discretionary,2025-04-30,66.48834991455078,1.612380295958563,0.6455179104945336,0.6455179104945336,0.4003509048780406,Medium,True
EBAY,Consumer Discretionary,2025-02-26,69.8620834350586,0.7936452740625122,-6.363900559698441,6.363900559698441,8.018570471821624,Medium,False
ECL,Materials,2025-10-28,276.4549560546875,1.385055422989727,-7.951083117649273,7.951083117649273,5.74062451630013,Medium,False
ECL,Materials,2025-07-29,270.33935546875,0.7142041322887616,-2.5408394648536827,2.5408394648536827,3.557581579248536,Medium,False
ECL,Materials,2025-04-29,236.32521057128906,1.6010275827567908,5.187630450135668,5.187630450135668,3.2401880554756883,Medium,True
ECL,Materials,2025-02-11,244.88107299804688,1.09054644496579,6.5422584111214,6.5422584111214,5.99906445188277,Medium,True
EIX,Utilities,2025-10-28,56.08423614501953,1.8489479208377038,-0.731486170588854,0.731486170588854,0.39562291741426614,Medium,False
EIX,Utilities,2025-07-31,50.1702995300293,1.4014151464893214,5.947824982725989,5.947824982725989,4.244156342698206,Medium,True
EIX,Utilities,2025-04-29,55.74213790893555,1.7029623560550562,-7.100281085414924,7.100281085414924,4.169370544315998,Medium,False
EIX,Utilities,2025-02-27,49.498600006103516,1.8788749435382144,7.654853754321413,7.654853754321413,4.074168842715061,Medium,True
EW,Health Care,2025-10-30,82.69000244140625,1.9379523835556653,-0.4911399684021711,0.4911399684021711,0.2534324230923828,Medium,False
EW,Health Care,2025-07-24,76.91000366210938,1.035789826042759,3.5488056777186863,3.5488056777186863,3.4261831777947838,Low,True
EW,Health Care,2025-04-23,70.5999984741211,2.6192569504899907,7.919389587792882,7.919389587792882,3.0235252735747755,High,True
EW,Health Care,2025-02-11,71.0999984741211,1.9197890279781682,7.178107565957516,7.178107565957516,3.739008537577258,Medium,True
EA,Communication Services,2025-10-28,200.31256103515625,0.13171849604294145,-0.18971238824182748,0.18971238824182748,1.4402866259570675,Medium,False
EA,Communication Services,2025-07-29,151.680419921875,1.284757249372557,3.1802008641570163,3.1802008641570163,2.47533210317369,Medium,True
EA,Communication Services,2025-05-06,154.22509765625,1.9229927282188208,0.7247406959480123,0.7247406959480123,0.37688166227196607,Medium,True
EA,Communication Services,2025-02-04,122.32431030273438,5.109084856770941,8.865981806120955,8.865981806120955,1.735336572922858,Medium,True
ELV,Health Care,2025-10-21,346.98162841796875,1.434825278766677,-2.502340228759798,2.502340228759798,1.744003444733506,Medium,False
ELV,Health Care,2025-07-17,332.6707763671875,3.6308222701258934,-19.57915792556755,19.57915792556755,5.392485907851577,Medium,False
ELV,Health Care,2025-04-22,418.2174377441406,2.6672973591006497,4.96202123983081,4.96202123983081,1.8603179817580924,High,True
ELV,Health Care,2025-01-23,381.8311462402344,1.6076169777087688,2.6181683617316156,2.6181683617316156,1.6286020849712097,Medium,True
EME,Industrials,2025-10-30,750.9917602539062,2.9952074672329907,-13.027025395562319,13.027025395562319,4.349289836539051,Medium,False
EME,Industrials,2025-07-31,635.6146240234375,2.880725698677767,-2.293033729167487,2.293033729167487,0.7959916941137344,Medium,False
EME,Industrials,2025-04-30,409.6792297363281,2.5023718193340185,-0.12106095001879438,0.12106095001879438,0.04837848199993459,Medium,False
EME,Industrials,2025-02-26,390.6203308105469,2.1438328463919656,1.1757829102586206,1.1757829102586206,0.5484489671092797,Medium,True
EMR,Industrials,2025-11-05,139.42501831054688,1.091140404313403,-4.537530280891182,4.537530280891182,4.158520995972475,Medium,False
EMR,Industrials,2025-08-06,141.44581604003906,1.2878968868714813,-5.5061690668427214,5.5061690668427214,4.275318251772574,Medium,False
EMR,Industrials,2025-05-07,107.01575469970703,1.9867945713411101,4.763687332039627,4.763687332039627,2.397674827963759,Medium,True
EMR,Industrials,2025-02-05,125.70872497558594,1.547970849053144,-0.16446008157497144,0.16446008157497144,0.10624236346283113,Medium,False
ETR,Utilities,2025-10-29,96.71456909179688,0.890831900931939,1.0839890668334102,1.0839890668334102,1.2168278501245868,Medium,True
ETR,Utilities,2025-07-30,85.53694915771484,1.0779819283234304,2.4818730820031933,2.4818730820031933,2.302332735636129,Medium,True
ETR,Utilities,2025-04-29,82.89335632324219,1.787314668725894,-2.256431188558966,2.256431188558966,1.2624700216708267,Medium,False
ETR,Utilities,2025-02-18,80.81636047363281,0.9160830608742374,5.855252307636826,5.855252307636826,6.391617264540439,Medium,True
EOG,Energy,2025-11-06,105.19000244140625,0.7672166106584498,1.495237804594494,1.495237804594494,1.9489121896243007,Medium,True
EOG,Energy,2025-08-07,115.48116302490234,1.4633332858778108,0.7501931474371168,0.7501931474371168,0.5126604818444337,Medium,True
EOG,Energy,2025-05-01,108.38383483886719,1.4514567456206173,-2.829516816898241,2.829516816898241,1.9494324067427786,Medium,False
EOG,Energy,2025-02-27,126.39260864257812,1.813510784251921,-7.709973694219029,7.709973694219029,4.251407690084081,Medium,False
EPAM,Information Technology,2025-11-06,158.4499969482422,2.463485583529857,8.942886745478928,8.942886745478928,3.6301762045081367,Medium,True
EPAM,Information Technology,2025-08-07,149.3300018310547,2.1536345223124576,4.421388242251205,4.421388242251205,2.0529891197619525,Medium,True
EPAM,Information Technology,2025-05-08,157.8800048828125,1.6817161017721547,11.23673050388121,11.23673050388121,6.681704772904413,Medium,True
EPAM,Information Technology,2025-02-20,260.9100036621094,1.3636486067905331,-19.088757432829638,19.088757432829638,13.998296436320723,Medium,False
EQT,Energy,2025-10-21,56.283226013183594,2.57609245205176,-3.859268001090043,3.859268001090043,1.4981092771015583,Medium,False
EQT,Energy,2025-07-22,53.21865463256836,3.495827779094079,-0.5704829708251886,0.5704829708251886,0.16318966690430775,Medium,False
EQT,Energy,2025-04-22,47.253726959228516,4.682969622161043,0.5147203277599569,0.5147203277599569,0.10991323226274309,High,True
EQT,Energy,2025-02-18,52.79572677612305,2.1026485763264424,-2.2685053739021934,2.2685053739021934,1.0788799419185497,Medium,False
EFX,Industrials,2025-10-21,226.37916564941406,2.738588686897903,-0.2076863813877426,0.2076863813877426,0.07583701137062548,Medium,False
EFX,Industrials,2025-07-22,261.9416809082031,1.0347711195584481,-5.307357671988902,5.307357671988902,5.1290160419761515,Medium,False
EFX,Industrials,2025-04-22,219.86618041992188,4.7912054121355325,15.80194220126128,15.80194220126128,3.298114115758199,High,True
EFX,Industrials,2025-02-06,264.6728515625,1.8865897478804554,-8.122706534539684,8.122706534539684,4.305497018451085,Medium,False
EQIX,Real Estate,2025-10-29,811.217529296875,1.251741718420913,6.052171535539413,6.052171535539413,4.835000261215468,Medium,True
EQIX,Real Estate,2025-07-30,801.3588256835938,1.0179648204557135,-3.172990699531438,3.172990699531438,3.116994453807335,Medium,False
EQIX,Real Estate,2025-04-30,836.8854370117188,1.3697204522311892,1.754281142623261,1.754281142623261,1.280758522489495,Medium,True
EQIX,Real Estate,2025-02-12,922.4840087890625,1.493363383436157,-0.17108850597280942,0.17108850597280942,0.11456589057322607,Medium,False
EQR,Real Estate,2025-10-28,62.61403274536133,0.7344166511472239,-1.8711319974861709,1.8711319974861709,2.5477799210615624,Medium,False
EQR,Real Estate,2025-08-04,61.40015411376953,1.7782929411211672,1.1648405885328303,1.1648405885328303,0.6550330159880344,Medium,True
EQR,Real Estate,2025-04-29,67.13848876953125,1.868737650992196,1.5676645511411593,1.5676645511411593,0.8388895842649804,Medium,True
EQR,Real Estate,2025-02-03,67.7529067993164,1.4829187819734477,2.2750064798568053,2.2750064798568053,1.5341409843290663,Medium,True
ERIE,Financials,2025-10-30,300.30352783203125,2.2604575524424124,-7.844589539226317,7.844589539226317,3.4703547212157466,Medium,False
ERIE,Financials,2025-08-07,355.49078369140625,1.5211916731823443,2.339762000167411,2.339762000167411,1.5381112330654634,Medium,True
ERIE,Financials,2025-04-24,406.1415100097656,2.762550161595567,-15.022141376971607,15.022141376971607,5.437780492027433,Medium,False
ERIE,Financials,2025-02-27,392.95501708984375,1.9766920381756112,11.040047285955099,11.040047285955099,5.585112436707397,Medium,True
ESS,Real Estate,2025-10-29,253.63429260253906,0.972314348275943,1.8569530737758193,1.8569530737758193,1.9098279039782469,Medium,True
ESS,Real Estate,2025-07-29,277.6723327636719,1.261601928717846,-10.489570386228737,10.489570386228737,8.314485058602587,Medium,False
ESS,Real Estate,2025-04-29,269.73974609375,1.7156758644362489,3.383485762754266,3.383485762754266,1.9721008104675062,Medium,True
ESS,Real Estate,2025-02-04,274.04620361328125,1.1827836862239214,3.806511661969482,3.806511661969482,3.218265272259465,Medium,True
EL,Consumer Staples,2025-10-30,98.39110565185547,2.6647303529756416,-0.6881659602392826,0.6881659602392826,0.25824975479069534,Medium,False
EL,Consumer Staples,2025-08-20,90.0561294555664,2.681585208696709,-2.3923448659545774,2.3923448659545774,0.8921382987182023,Medium,False
EL,Consumer Staples,2025-05-01,58.83946228027344,2.084490307649769,-0.950639502727545,0.950639502727545,0.45605369295258397,Medium,False
EL,Consumer Staples,2025-02-04,81.98406219482422,2.1480652223645516,-20.333451304389996,20.333451304389996,9.465937576144592,Medium,False
EG,Financials,2025-10-27,348.94000244140625,1.542975964566409,-10.038373648598235,10.038373648598235,6.505852248592293,Medium,False
EG,Financials,2025-07-30,332.2799987792969,1.3724564854537624,-0.3668514642950023,0.3668514642950023,0.2672955158747446,Medium,False
EG,Financials,2025-04-30,357.19964599609375,1.6455160113899043,-2.9094507898042488,2.9094507898042488,1.7681084654695929,Medium,False
EG,Financials,2025-02-03,343.5616455078125,1.5985296775380125,-1.5784700956017033,1.5784700956017033,0.9874512295779181,Medium,False
EVRG,Utilities,2025-11-06,76.3328857421875,0.8316004903611047,-1.5370553251652601,1.5370553251652601,1.8483097869480893,Medium,False
EVRG,Utilities,2025-08-07,71.70316314697266,1.1195228872119238,-1.1330994521340332,1.1330994521340332,1.0121270990322677,Medium,False
EVRG,Utilities,2025-05-08,67.29363250732422,0.968856582404994,-4.379680461691874,4.379680461691874,4.5204631327581914,Medium,False
EVRG,Utilities,2025-02-27,66.1872329711914,0.42418910778324925,-0.2749471840383018,0.2749471840383018,0.6481712495522007,Medium,False
ES,Utilities,2025-11-04,73.53524017333984,0.8631919558871206,-3.0885986678883244,3.0885986678883244,3.578113358012131,Medium,False
ES,Utilities,2025-07-31,64.52465057373047,1.053352480632912,0.5446397037020249,0.5446397037020249,0.517053610938264,Medium,True
ES,Utilities,2025-05-01,57.445369720458984,1.740667411103763,0.35544929433951994,0.35544929433951994,0.2042028776273397,Medium,True
ES,Utilities,2025-02-11,57.7226676940918,1.1708356057271214,1.6921619245419808,1.6921619245419808,1.4452600486906966,Medium,True
EXC,Utilities,2025-11-04,45.72077941894531,0.9404934745167234,-0.10822725357810428,0.10822725357810428,0.11507496491000889,Medium,False
EXC,Utilities,2025-07-31,43.52891540527344,1.2328155241277996,0.9263331515291116,0.9263331515291116,0.7513964039222168,Medium,True
EXC,Utilities,2025-05-01,45.62723922729492,1.4267789302335236,-0.8955313879041126,0.8955313879041126,0.6276595265936112,Medium,False
EXC,Utilities,2025-02-12,40.33375549316406,1.333824077787956,1.440031432849848,1.440031432849848,1.0796262092059612,Medium,True
EXE,Energy,2025-10-28,103.37998962402344,2.7627926036148507,-0.4752495568729776,0.4752495568729776,0.17201781858368914,Medium,False
EXE,Energy,2025-07-29,96.17448425292969,2.7634392657752462,5.444285355829927,5.444285355829927,1.9701121798682284,Medium,True
EXE,Energy,2025-04-29,104.44281768798828,2.3333900619891175,-3.7591893905016187,3.7591893905016187,1.611041999251967,Medium,False
EXE,Energy,2025-02-26,99.74571990966797,1.250013691567578,-3.4657736746105776,3.4657736746105776,2.7725885708214357,Medium,False
EXPE,Consumer Discretionary,2025-11-06,213.45364379882812,2.2023433253606,22.00272960100491,22.00272960100491,9.990599261993948,Medium,True
EXPE,Consumer Discretionary,2025-08-07,184.4830322265625,1.854045401148852,2.6757610038868456,2.6757610038868456,1.4432014459995535,Medium,True
EXPE,Consumer Discretionary,2025-05-08,165.5730743408203,1.7053243786169099,-1.0296471003712677,1.0296471003712677,0.6037837219018443,Medium,False
EXPE,Consumer Discretionary,2025-02-06,168.3709259033203,1.9157307717131304,17.63341755958737,17.63341755958737,9.204538456005901,Medium,True
EXPD,Industrials,2025-11-04,121.26104736328125,1.275222793765229,12.62452681142533,12.62452681142533,9.899859752467325,Medium,True
EXPD,Industrials,2025-08-05,114.0490493774414,1.9117266225652838,1.5741338372997196,1.5741338372997196,0.8234094868582416,Medium,True
EXPD,Industrials,2025-05-06,111.23483276367188,1.8122387013702959,-3.3819400389095007,3.3819400389095007,1.8661669880200107,Medium,False
EXPD,Industrials,2025-02-18,112.2820816040039,1.2811517077777679,2.305314582004516,2.305314582004516,1.7994079608286346,Medium,True
EXR,Real Estate,2025-10-29,145.150146484375,1.2369335417103462,-5.798528229169424,5.798528229169424,4.687825201305173,Medium,False
EXR,Real Estate,2025-07-30,148.4277801513672,1.2938782451894173,-6.722908237297961,6.722908237297961,5.19593575538768,Medium,False
EXR,Real Estate,2025-04-29,137.15550231933594,1.7523106000724904,4.84338406513794,4.84338406513794,2.7639986112836255,Medium,True
EXR,Real Estate,2025-02-25,151.98831176757812,0.9903075587373658,-4.854915835552504,4.854915835552504,4.902432373375482,Medium,False
XOM,Energy,2025-10-31,115.4402847290039,0.9156215833051553,-0.8108813241227666,0.8108813241227666,0.885607481199489,Medium,False
XOM,Energy,2025-08-01,109.90702056884766,1.3234051529163495,-3.824791381119505,3.824791381119505,2.890113713620446,Medium,False
XOM,Energy,2025-05-02,102.8018569946289,1.6161082348559108,-2.37285434999459,2.37285434999459,1.4682521249612648,Medium,False
XOM,Energy,2025-01-31,104.82286071777344,1.240618189187871,-2.2633946263407623,2.2633946263407623,1.824408706938609,Medium,False
FFIV,Information Technology,2025-10-27,298.3399963378906,3.6605704874645193,-10.898382802718116,10.898382802718116,2.977236154866899,Medium,False
FFIV,Information Technology,2025-07-30,299.239990234375,1.2967317441617916,2.822837792927524,2.822837792927524,2.1768864729630018,Medium,True
FFIV,Information Technology,2025-04-28,270.0299987792969,3.3580562143258588,-0.12450186015956592,0.12450186015956592,0.03707557355008725,Medium,False
FFIV,Information Technology,2025-01-28,263.010009765625,1.5925434479163707,11.775177822143347,11.775177822143347,7.393944471373504,Medium,True
FDS,Financials,2025-12-18,293.0,1.3008788972677778,-2.5630622404825925,2.5630622404825925,1.970254299509174,Medium,False
FDS,Financials,2025-09-18,343.82122802734375,2.047004654488014,-13.953696382540143,13.953696382540143,6.816641257725996,Medium,False
FDS,Financials,2025-06-23,419.43389892578125,0.5795179444970198,3.613203133583285,3.613203133583285,6.234842540931648,Medium,True
FDS,Financials,2025-03-20,435.7616271972656,1.3782763342254285,-1.263688672526877,1.263688672526877,0.9168616199428918,Medium,False
FICO,Information Technology,2025-11-05,1606.0999755859375,2.8559923417170165,6.800887070271952,6.800887070271952,2.3812693650933507,Medium,True
FICO,Information Technology,2025-07-30,1505.06005859375,1.2630385481376118,-9.604012164524377,9.604012164524377,7.603894733605543,Medium,False
FICO,Information Technology,2025-04-29,1943.27001953125,2.174958494309417,2.0484350604607444,2.0484350604607444,0.941827196160428,Medium,True
FICO,Information Technology,2025-02-04,1827.9599609375,1.6098429079636423,4.288009048461315,4.288009048461315,2.6636195539634344,Medium,True
FAST,Industrials,2025-10-13,45.543243408203125,1.265413694724037,-6.618606355968831,6.618606355968831,5.230389384565831,Medium,False
FAST,Industrials,2025-07-14,42.8438720703125,1.0931422073000534,4.298590078552156,4.298590078552156,3.9323246782037833,Medium,True
FAST,Industrials,2025-04-11,37.65556335449219,2.942832835931314,7.270099630997441,7.270099630997441,2.4704426096620886,High,True
FRT,Real Estate,2025-10-31,94.39974975585938,1.313075252623509,0.8537987734114938,0.8537987734114938,0.6502283640679495,Medium,True
FRT,Real Estate,2025-08-06,91.3130874633789,1.3227910486016696,-2.0176062388562546,2.0176062388562546,1.525264508698542,Medium,False
FRT,Real Estate,2025-05-08,92.01457977294922,1.0882949382690263,3.1292619754775486,3.1292619754775486,2.875380437268923,Medium,True
FDX,Industrials,2025-12-18,282.2099914550781,1.1467032496162568,1.9713025070926375,1.9713025070926375,1.719104317313422,Low,True
FDX,Industrials,2025-09-18,224.62863159179688,1.2393581863216836,1.5982305773476768,1.5982305773476768,1.289563094016507,Medium,True
FDX,Industrials,2025-06-24,226.60887145996094,1.423188609150881,-3.6773922539631987,3.6773922539631987,2.583910685005585,Medium,False
FDX,Industrials,2025-03-20,242.7272186279297,1.6690169400903656,-1.5799436588010203,1.5799436588010203,0.946631289863048,Medium,False
FIS,Financials,2025-11-05,61.82234573364258,2.240730963762807,2.4227960307482452,2.4227960307482452,1.0812525331821634,Medium,True
FIS,Financials,2025-08-05,77.43035888671875,1.2929374773622073,-11.474164297206654,11.474164297206654,8.874492771774028,Medium,False
FIS,Financials,2025-05-06,77.54286193847656,2.892936785523751,-3.587857542949338,3.587857542949338,1.2402129078322655,Medium,False
FIS,Financials,2025-02-11,81.56632995605469,0.9729504054209409,-12.194528407129509,12.194528407129509,12.533556015996131,Medium,False
FITB,Financials,2025-10-17,42.55879211425781,1.9745746111959033,3.5678840677405175,3.5678840677405175,1.8069127636456466,Medium,True
FITB,Financials,2025-07-17,42.036399841308594,1.4344916255627764,-0.04645802837645194,0.04645802837645194,0.032386406130621805,Medium,False
FITB,Financials,2025-01-21,42.77926254272461,1.978162801874725,-0.9246832199560437,0.9246832199560437,0.46744545953432753,Medium,False
FSLR,Information Technology,2025-10-30,241.7100067138672,3.5084857730091263,13.75545396530249,13.75545396530249,3.920624125405769,Medium,True
FSLR,Information Technology,2025-07-31,179.1300048828125,2.5970992404678364,4.973389031014911,4.973389031014911,1.9149784319058267,Medium,True
FSLR,Information Technology,2025-04-29,140.72999572753906,4.755863226238248,-7.774705167052269,7.774705167052269,1.6347621445795526,Medium,False
FSLR,Information Technology,2025-02-25,152.91000366210938,2.320011535367785,-4.258791368612737,4.258791368612737,1.8356768075024261,Medium,False
FE,Utilities,2025-10-22,46.62326431274414,0.7799426333715821,-1.3745013348647113,1.3745013348647113,1.7623108111463732,Medium,False
FE,Utilities,2025-07-30,40.97043991088867,0.7937399133246515,3.3500732846284067,3.3500732846284067,4.2206184020611,Medium,True
FE,Utilities,2025-04-23,41.43085479736328,2.0844569945834226,-0.5402831343386988,0.5402831343386988,0.2591961051452031,High,False
FE,Utilities,2025-02-26,42.19719696044922,1.1040159664424642,-9.941912670783964,9.941912670783964,9.00522544326997,Medium,False
FISV,Financials,2025-10-29,126.54000091552734,1.9278428845281927,-48.33161338869568,48.33161338869568,25.070307220872944,Medium,False
FISV,Financials,2025-07-23,165.4600067138672,1.1725274941856896,-15.60428639786204,15.60428639786204,13.30824775985239,Medium,False
FISV,Financials,2025-04-24,214.2899932861328,2.8660540174852986,-18.22662653696626,18.22662653696626,6.359484652336897,High,False
FISV,Financials,2025-02-05,216.6199951171875,0.9919641946427878,7.945105114123234,7.945105114123234,8.009467637069616,Medium,True
F,Consumer Discretionary,2025-10-23,12.287888526916504,2.4859893723041004,7.455432095020659,7.455432095020659,2.998979874202241,Medium,True
F,Consumer Discretionary,2025-07-30,10.808181762695312,1.5803973990845834,-0.45998520830468337,0.45998520830468337,0.2910566725629398,Medium,False
F,Consumer Discretionary,2025-05-05,9.883591651916504,1.4785901379258235,1.0816263770261414,1.0816263770261414,0.7315254912652497,Medium,True
F,Consumer Discretionary,2025-02-05,9.459098815917969,2.209143186835483,-7.692301394974923,7.692301394974923,3.482029340974436,Medium,False
FTNT,Information Technology,2025-11-05,85.22000122070312,1.383163629866932,-4.884285443169882,4.884285443169882,3.531241956990857,Medium,False
FTNT,Information Technology,2025-08-06,96.20999908447266,1.476236773907089,-22.975773473501008,22.975773473501008,15.56374551806623,Medium,False
FTNT,Information Technology,2025-05-07,107.13999938964844,1.9926273025940304,-8.71439556351285,8.71439556351285,4.373319361913955,Medium,False
FTNT,Information Technology,2025-02-06,105.06999969482422,1.4511833113136865,4.612301160000174,4.612301160000174,3.1783036119846773,Medium,True
FTV,Industrials,2025-10-29,49.41423797607422,1.3511170232470613,4.251420841978073,4.251420841978073,3.1465970517941364,Medium,True
FTV,Industrials,2025-07-30,51.14024353027344,1.2725721913365358,-5.871945779540379,5.871945779540379,4.614233926778874,Medium,False
FTV,Industrials,2025-05-01,51.88470458984375,1.6112992473718522,-3.070743274004616,3.070743274004616,1.9057560406691834,Medium,False
FTV,Industrials,2025-02-07,59.63482666015625,0.7717067658137985,0.8266533433067472,0.8266533433067472,1.0712013680934949,Medium,True
FOXA,Communication Services,2025-10-30,61.11000061035156,1.2112308899620001,6.314750971662527,6.314750971662527,5.213498948875586,Medium,True
FOXA,Communication Services,2025-08-05,55.28527069091797,0.8499259972170126,-4.878898672612856,4.878898672612856,5.7403805608820795,Medium,False
FOXA,Communication Services,2025-05-12,50.00958251953125,0.9210996274980895,9.952224732320587,9.952224732320587,10.804721264900556,Medium,True
FOXA,Communication Services,2025-02-04,50.700599670410156,0.8469237449436116,4.966303380098718,4.966303380098718,5.863932154162682,Medium,True
FOX,Communication Services,2025-10-30,54.529998779296875,1.1855182545216256,7.470103932430093,7.470103932430093,6.301129403903099,Medium,True
FOX,Communication Services,2025-08-05,50.47461700439453,0.8603559988787491,-4.84429560493517,4.84429560493517,5.630571079005032,Medium,False
FOX,Communication Services,2025-05-12,46.484806060791016,1.034872366390796,9.332190902575828,9.332190902575828,9.017721610562107,Medium,True
FOX,Communication Services,2025-02-04,48.107173919677734,0.8825443512957828,4.22849892166344,4.22849892166344,4.791259402946729,Medium,True
BEN,Financials,2025-11-07,22.451929092407227,1.0823319193490784,-3.1397789549843242,3.1397789549843242,2.900939073175083,Medium,False
BEN,Financials,2025-08-01,23.65258026123047,1.1537576597606702,4.70833434414547,4.70833434414547,4.080869413358559,Medium,True
BEN,Financials,2025-05-02,18.0039119720459,1.7402165156285052,6.776947116883646,6.776947116883646,3.8943126076677017,Medium,True
BEN,Financials,2025-01-31,18.92255210876465,1.0215146285605383,2.8287776084869245,2.8287776084869245,2.7691993138395685,Medium,True
FCX,Materials,2025-10-23,41.20732498168945,3.007616396573834,1.4467920538734307,1.4467920538734307,0.4810427471806455,Medium,True
FCX,Materials,2025-07-23,44.91657257080078,2.0135936889007366,-2.6637505184961725,2.6637505184961725,1.3228838236726745,Medium,False
FCX,Materials,2025-04-24,33.74263000488281,5.912642367631334,6.13810867621779,6.13810867621779,1.038132918341344,High,True
FCX,Materials,2025-01-23,39.74704360961914,1.2979389961856669,-3.274491951106039,3.274491951106039,2.5228396409453677,Medium,False
GRMN,Consumer Discretionary,2025-10-29,250.34652709960938,1.3268674536259257,-13.349989493129025,13.349989493129025,10.061283406000772,Medium,False
GRMN,Consumer Discretionary,2025-07-30,234.47256469726562,1.1139195886993958,-8.583372992580058,8.583372992580058,7.705558892811949,Medium,False
GRMN,Consumer Discretionary,2025-04-30,198.1381378173828,1.5057452152165682,-8.486046083473987,8.486046083473987,5.635778216471674,Medium,False
GRMN,Consumer Discretionary,2025-02-19,209.22703552246094,0.9736745701529356,6.625381681676434,6.625381681676434,6.804513422421808,Medium,True
IT,Information Technology,2025-11-04,248.33999633789062,2.638975042450469,-3.5784007471048667,3.5784007471048667,1.3559812766482537,Medium,False
IT,Information Technology,2025-08-05,328.5400085449219,1.0858508693604128,-27.62020346925715,27.62020346925715,25.43646116480616,Medium,False
IT,Information Technology,2025-05-06,427.489990234375,1.4531751528933485,2.54578547882785,2.54578547882785,1.7518779300341438,Medium,True
IT,Information Technology,2025-02-04,542.8300170898438,0.9875154055383708,-1.2212491037759237,1.2212491037759237,1.2366886601734852,Medium,False
GE,Industrials,2025-10-21,299.7971496582031,1.1907101861738278,-1.5825252087234658,1.5825252087234658,1.3290599401090857,Medium,False
GE,Industrials,2025-07-17,264.0450439453125,1.6453650282202483,-1.093248475278656,1.093248475278656,0.6644412981484094,Medium,False
GE,Industrials,2025-04-22,181.09625244140625,5.3441395853429,8.59544981329885,8.59544981329885,1.6083879689207885,High,True
GE,Industrials,2025-01-23,186.43760681152344,1.3259393449939751,4.454240429850186,4.454240429850186,3.3593093429703043,Medium,True
GEHC,Health Care,2025-10-29,78.31889343261719,1.604938248302831,-5.541563310915088,5.541563310915088,3.4528202669324557,Medium,False
GEHC,Health Care,2025-07-30,77.6739273071289,1.5141271004409733,-8.234689252847662,8.234689252847662,5.438571999965787,Medium,False
GEHC,Health Care,2025-04-30,67.98114013671875,2.612731886798353,-0.6168263745614152,0.6168263745614152,0.23608483429858373,Medium,False
GEHC,Health Care,2025-02-13,86.87104034423828,1.0702648030735022,7.345744159751981,7.345744159751981,6.863482886344624,Medium,True
GEV,Industrials,2025-10-22,593.6329345703125,3.271598627567296,1.6776912343964427,1.6776912343964427,0.5128047249622258,Medium,True
GEV,Industrials,2025-07-23,565.2579345703125,1.2363921161827904,13.657797517421802,13.657797517421802,11.046493534420604,Medium,True
GEV,Industrials,2025-04-23,312.58319091796875,5.933872718341332,10.556006969819572,10.556006969819572,1.778940579091195,High,True
GEV,Industrials,2025-01-22,400.4677734375,2.1655932510859697,5.2187471736072455,5.2187471736072455,2.409846433992268,Medium,True
GEN,Information Technology,2025-11-06,25.719026565551758,1.3976181521315434,3.536344799679413,3.536344799679413,2.530265362027563,Medium,True
GEN,Information Technology,2025-08-07,28.442258834838867,0.9718596390853118,8.84329106832373,8.84329106832373,9.099350063191016,Medium,True
GEN,Information Technology,2025-05-06,25.436628341674805,1.6646474519824632,10.419907435198592,10.419907435198592,6.259528059703758,Medium,True
GEN,Information Technology,2025-01-30,27.15089988708496,0.7999625024207989,-3.191106144809721,3.191106144809721,3.989069656581384,Medium,False
GNRC,Industrials,2025-10-29,190.41000366210938,2.9526250069560027,-12.816195582133053,12.816195582133053,4.340610660662886,Medium,False
GNRC,Industrials,2025-07-30,155.4600067138672,1.5313585238346257,28.66111090271282,28.66111090271282,18.71613371827745,Medium,True
GNRC,Industrials,2025-04-30,113.44999694824219,2.5148100048098523,-0.5033554446989148,0.5033554446989148,0.2001564506806446,Medium,False
GNRC,Industrials,2025-02-12,145.07000732421875,1.957841453489126,3.5910795404449942,3.5910795404449942,1.834203445863927,Medium,True
GD,Industrials,2025-10-24,338.239990234375,1.1613968976146245,3.5929689644719986,3.5929689644719986,3.0936615827470724,Medium,True
GD,Industrials,2025-07-23,295.75006103515625,0.7889410109713326,5.5913937074586455,5.5913937074586455,7.08721391042228,Medium,True
GD,Industrials,2025-04-23,270.59649658203125,3.368785705263503,-1.1244591617814834,1.1244591617814834,0.3337876790514134,High,False
GD,Industrials,2025-01-29,265.8130798339844,1.0023197207972032,-2.1479927895648325,2.1479927895648325,2.1430215778418575,Medium,False
GIS,Consumer Staples,2025-12-17,46.40639114379883,1.0097294491174282,3.5942131908866415,3.5942131908866415,3.5595804341729624,Medium,True
GIS,Consumer Staples,2025-09-17,47.730220794677734,1.2653609142378042,0.5851442777875167,0.5851442777875167,0.4624327108601904,Medium,True
GIS,Consumer Staples,2025-06-25,51.453346252441406,0.8647132256755041,-5.691821399622105,5.691821399622105,6.58232259044693,Medium,False
GIS,Consumer Staples,2025-03-19,58.03560256958008,2.488428575012747,-3.524156231816055,3.524156231816055,1.4162175548068532,Medium,False
GM,Consumer Discretionary,2025-10-21,58.26369094848633,1.9126117322067007,16.051714830986903,16.051714830986903,8.392563195493436,Medium,True
GM,Consumer Discretionary,2025-07-22,52.97696304321289,0.9366247497371456,-0.1503422798573106,0.1503422798573106,0.1605149553217579,Medium,False
GM,Consumer Discretionary,2025-04-29,46.745994567871094,2.101425777632033,-4.233692439866318,4.233692439866318,2.014676171259784,Medium,False
GM,Consumer Discretionary,2025-01-28,53.35744857788086,2.4968416302161884,-9.359082649725027,9.359082649725027,3.7483685534811726,Medium,False
GPC,Consumer Discretionary,2025-10-21,132.04811096191406,1.1898595062199193,0.79660155254981,0.79660155254981,0.6694921109472363,Medium,True
GPC,Consumer Discretionary,2025-07-22,121.0494613647461,0.9443745749049909,8.709336134611416,8.709336134611416,9.222332288528227,Medium,True
GPC,Consumer Discretionary,2025-04-22,111.45538330078125,3.589588130456365,3.863352351366017,3.863352351366017,1.0762661929336297,High,True
GPC,Consumer Discretionary,2025-02-18,121.00716400146484,1.1845622650157581,-2.2658087783287573,2.2658087783287573,1.9127814934224798,Medium,False
GILD,Health Care,2025-10-30,117.72246551513672,1.558599396158884,3.047955147047715,3.047955147047715,1.9555731604665691,Medium,True
GILD,Health Care,2025-08-07,108.80084228515625,1.8639805250257002,9.24011398002797,9.24011398002797,4.957194485656212,Medium,True
GILD,Health Care,2025-04-24,104.21318054199219,1.9209219384867047,0.17898886697464647,0.17898886697464647,0.09317862604851775,Medium,True
GILD,Health Care,2025-02-11,92.88330841064453,1.4460237315954074,10.214269935219123,10.214269935219123,7.063694538366706,Medium,True
GPN,Financials,2025-11-04,77.52269744873047,2.6711535999426066,2.723733477481612,2.723733477481612,1.0196843332184773,Medium,True
GPN,Financials,2025-08-06,78.42240905761719,2.026135638563399,4.604000551659819,4.604000551659819,2.2723061891967986,Medium,True
GPN,Financials,2025-05-06,78.13231658935547,6.081937618733619,-0.45425443339152877,0.45425443339152877,0.07468909776258337,Medium,False
GPN,Financials,2025-02-13,105.8176040649414,1.4212287859014767,-2.9403683792390356,2.9403683792390356,2.0688916579845222,Medium,False
GL,Financials,2025-10-22,135.7447052001953,1.560447746029338,-1.4819795498071875,1.4819795498071875,0.9497143070494876,Medium,False
GL,Financials,2025-07-23,122.35304260253906,1.7416529208515885,8.268577500685462,8.268577500685462,4.747546082053194,Medium,True
GL,Financials,2025-04-30,123.21143341064453,1.7314451209722814,-1.224260304871362,1.224260304871362,0.7070742757263291,Medium,False
GL,Financials,2025-02-05,121.41416931152344,0.807341588984559,0.3250290628632858,0.3250290628632858,0.40259174963610384,Medium,True
GDDY,Information Technology,2025-10-30,126.56999969482422,1.534767947918194,6.533064974161852,6.533064974161852,4.256711891216845,Medium,True
GDDY,Information Technology,2025-08-07,154.82000732421875,1.310287524986606,-9.637268371074251,9.637268371074251,7.355079085540988,Medium,False
GDDY,Information Technology,2025-05-01,188.3300018310547,2.1895254254740237,-5.286960977685727,5.286960977685727,2.4146606913875504,Medium,False
GS,Financials,2025-10-14,760.58935546875,1.1197362623669613,-2.3958498836907793,2.3958498836907793,2.139655528013621,Medium,False
GS,Financials,2025-07-16,706.0018920898438,1.4055667939902656,0.4740189328433824,0.4740189328433824,0.33724397507833076,Medium,True
GS,Financials,2025-04-14,486.95391845703125,5.2121794777665444,2.720257179109261,2.720257179109261,0.5219039733211394,High,True
HAL,Energy,2025-10-21,22.12931251525879,2.2516793953400427,16.312988062684166,16.312988062684166,7.244809406012538,Medium,True
HAL,Energy,2025-07-22,20.927961349487305,3.127312678671564,3.729930895010107,3.729930895010107,1.1926952237454318,Medium,True
HAL,Energy,2025-04-22,22.0350399017334,7.801809646572846,-5.9762718888404605,5.9762718888404605,0.7660109845753155,High,False
HAL,Energy,2025-01-22,29.03727912902832,1.6692625110538553,-5.282768316359402,5.282768316359402,3.164731898893621,Medium,False
HIG,Financials,2025-10-27,124.56219482421875,1.4282655765016024,-2.0885011882872733,2.0885011882872733,1.4622638973088282,Medium,False
HIG,Financials,2025-07-28,122.32723999023438,1.1871823297650776,2.7961014015311614,2.7961014015311614,2.355241761460904,Medium,True
HIG,Financials,2025-04-24,117.59005737304688,2.552113334766985,0.9812234098820387,0.9812234098820387,0.38447485717621044,Medium,True
HIG,Financials,2025-01-30,111.61524963378906,1.1073690696865792,-1.7153785122418153,1.7153785122418153,1.5490576350731216,Medium,False
HAS,Consumer Discretionary,2025-10-23,74.1411361694336,1.82098181562906,2.048954975794214,2.048954975794214,1.1251924419060717,Medium,True
HAS,Consumer Discretionary,2025-07-23,76.28205108642578,1.2164191911498738,-3.2486781674634666,3.2486781674634666,2.6706896693996667,Medium,False
HAS,Consumer Discretionary,2025-04-24,50.645023345947266,4.246047510185438,15.752525912302367,15.752525912302367,3.7099269083812976,High,True
HAS,Consumer Discretionary,2025-02-20,58.89937973022461,1.3518006607551354,10.500479776304662,10.500479776304662,7.76777233592928,Medium,True
HCA,Health Care,2025-10-24,440.53472900390625,1.5275778014328036,6.293162750253598,6.293162750253598,4.119700315329848,Medium,True
HCA,Health Care,2025-07-25,352.1153564453125,1.4967581944749708,-0.27527014149679674,0.27527014149679674,0.18391089657161044,Low,False
HCA,Health Care,2025-04-25,334.2322692871094,2.4388801537676676,-2.7503682229191724,2.7503682229191724,1.127717661185732,Medium,False
HCA,Health Care,2025-01-24,317.13140869140625,1.79088597583696,2.040828283654918,2.040828283654918,1.139563496051807,Low,True
DOC,Real Estate,2025-10-23,18.396472930908203,1.2767777756384224,2.8047369687023944,2.8047369687023944,2.1967307249689183,Medium,True
DOC,Real Estate,2025-07-24,18.5047607421875,1.1639839277714306,-8.53204938568616,8.53204938568616,7.330040546196942,Low,False
DOC,Real Estate,2025-04-24,17.969112396240234,1.9179784816081074,-5.635300569754579,5.635300569754579,2.938145877960906,Medium,False
DOC,Real Estate,2025-02-03,19.317861557006836,1.703353639878748,-1.6682948214668207,1.6682948214668207,0.9794177688114002,Medium,False
HSIC,Health Care,2025-11-04,63.20000076293945,1.1100887732595135,11.401613267592754,11.401613267592754,10.270902239750258,Medium,True
HSIC,Health Care,2025-08-05,67.9800033569336,2.044823929528759,-5.284200407925288,5.284200407925288,2.584183572784705,Medium,False
HSIC,Health Care,2025-05-05,65.30000305175781,1.7027658210214334,1.439501941932015,1.439501941932015,0.8453904372290636,Medium,True
HSIC,Health Care,2025-02-25,77.23999786376953,1.352766253388335,-6.555894355879223,6.555894355879223,4.846287626896648,Medium,False
HSY,Consumer Staples,2025-10-30,178.87197875976562,1.123305961045399,-3.2234087441981236,3.2234087441981236,2.869573256068431,Medium,False
HSY,Consumer Staples,2025-07-30,181.75706481933594,1.7218332318673282,-0.053688141535019926,0.053688141535019926,0.031180802264337257,Medium,False
HSY,Consumer Staples,2025-05-01,161.20249938964844,1.4671612155534735,-2.296787887533074,2.296787887533074,1.565463878941641,Medium,False
HSY,Consumer Staples,2025-02-06,140.14462280273438,1.5684468982859228,6.17460428030125,6.17460428030125,3.9367633593774625,Medium,True
HPE,Information Technology,2025-12-04,22.126924514770508,2.736759200765269,4.192143748262903,4.192143748262903,1.5317912321590699,Medium,True
HPE,Information Technology,2025-09-03,22.4259033203125,1.8974282229876096,3.06748595903927,3.06748595903927,1.616654544227943,Medium,True
HPE,Information Technology,2025-06-03,17.021207809448242,1.460094500264942,0.39569901260327445,0.39569901260327445,0.27100917956438625,Medium,True
HPE,Information Technology,2025-03-06,18.394184112548828,1.4847563276901126,-16.035638763882147,16.035638763882147,10.800182134148136,Medium,False
HLT,Consumer Discretionary,2025-10-22,260.8918762207031,1.2806851231197032,0.6279196939712384,0.6279196939712384,0.49029982673777645,Medium,True
HLT,Consumer Discretionary,2025-07-23,270.5493469238281,0.9034775216101656,-2.2896659228499017,2.2896659228499017,2.5342810065371517,Medium,False
HLT,Consumer Discretionary,2025-04-29,219.24278259277344,2.1283860711679305,1.750895909630645,1.750895909630645,0.8226401841982823,Medium,True
HLT,Consumer Discretionary,2025-02-06,258.15093994140625,0.7142304141306705,4.5918187595173565,4.5918187595173565,6.429044001306377,Medium,True
HOLX,Health Care,2025-11-03,73.91000366210938,1.2344979400479772,0.22955145010009073,0.22955145010009073,0.18594721194202196,Medium,True
HOLX,Health Care,2025-07-30,66.04000091552734,1.326266715009356,3.354878720459727,3.354878720459727,2.529565646557043,Medium,True
HOLX,Health Care,2025-05-01,58.20000076293945,1.3908913244909598,-7.943434591526363,7.943434591526363,5.711038994677396,Medium,False
HOLX,Health Care,2025-02-05,71.58000183105469,1.0467653694888381,-11.291209994674096,11.291209994674096,10.786763035720105,Medium,False
HD,Consumer Discretionary,2025-11-18,360.0313720703125,1.0873137032504196,-6.572073090330874,6.572073090330874,6.044321036959522,Medium,False
HD,Consumer Discretionary,2025-08-19,394.574951171875,1.3849746041020468,1.78363103299339,1.78363103299339,1.287843854833579,Medium,True
HD,Consumer Discretionary,2025-05-20,373.87530517578125,1.395659109639589,-2.2510382307994994,2.2510382307994994,1.6128854211260808,Medium,False
HD,Consumer Discretionary,2025-02-25,375.92767333984375,1.4151627318506883,2.107616665093558,2.107616665093558,1.489310464201745,Medium,True
HON,Industrials,2025-10-23,195.8861083984375,1.706845725737689,4.6125578623188375,4.6125578623188375,2.7023870949586355,Medium,True
HON,Industrials,2025-07-24,220.5028533935547,0.7179459337296843,-6.281609241016947,6.281609241016947,8.74941823040125,Medium,False
HON,Industrials,2025-04-29,184.6821746826172,1.9287604189935734,4.90381311559565,4.90381311559565,2.5424687624782645,Medium,True
HON,Industrials,2025-02-06,206.1956329345703,1.3319067283343289,-7.569145590504303,7.569145590504303,5.6829396754907995,Medium,False
HRL,Consumer Staples,2025-12-04,22.798765182495117,1.0371567791139538,4.598191594249554,4.598191594249554,4.433458554045998,Medium,True
HRL,Consumer Staples,2025-08-28,28.047561645507812,1.052310114663285,-12.336310634018732,12.336310634018732,11.723075224802974,Low,False
HRL,Consumer Staples,2025-05-29,29.171945571899414,1.6955317742971838,2.1304934291457878,2.1304934291457878,1.2565340629071373,Medium,True
HRL,Consumer Staples,2025-02-27,28.146596908569336,1.2860962090625567,-0.3480648085168216,0.3480648085168216,0.2706366802609022,Medium,False
HST,Real Estate,2025-11-05,15.742864608764648,1.0414210773913923,10.055529127585276,10.055529127585276,9.655584418142283,Medium,True
HST,Real Estate,2025-07-30,15.785235404968262,1.013422478853986,-3.719769676045199,3.719769676045199,3.6705024347315107,Medium,False
HST,Real Estate,2025-04-30,13.430977821350098,1.2898465252324611,4.7450409189667235,4.7450409189667235,3.678763966210285,Medium,True
HST,Real Estate,2025-02-19,16.093276977539062,1.5177757108006358,-4.332542469213917,4.332542469213917,2.8545340648049207,Medium,False
HWM,Industrials,2025-10-30,200.9227294921875,2.1237493349150287,1.213874753732643,1.213874753732643,0.5715715756921992,Medium,True
HWM,Industrials,2025-07-31,188.93472290039062,1.4968291722376332,-4.101181050959947,4.101181050959947,2.7399125611836035,Medium,False
HWM,Industrials,2025-05-01,137.24180603027344,2.3876105607778313,11.177655764129959,11.177655764129959,4.6815238413456015,Medium,True
HWM,Industrials,2025-02-13,129.07717895507812,1.785238875411911,4.16113729708621,4.16113729708621,2.330857430004208,Medium,True
HPQ,Information Technology,2025-11-25,24.093063354492188,3.047870198220444,0.4111862141353872,0.4111862141353872,0.13490935879600974,Medium,True
HPQ,Information Technology,2025-08-27,26.426477432250977,2.2700567948994097,5.274801166831171,5.274801166831171,2.323642817520302,Low,True
HPQ,Information Technology,2025-05-28,27.414234161376953,2.265390410862798,-8.45588744331103,8.45588744331103,3.732640256074234,Medium,False
HPQ,Information Technology,2025-02-27,32.39444351196289,1.0418754699596295,-9.326898657767833,9.326898657767833,8.952028266995509,Medium,False
HUBB,Industrials,2025-10-28,432.95037841796875,1.8504162886726825,8.892112112100813,8.892112112100813,4.805465757372462,Medium,True
HUBB,Industrials,2025-07-29,439.7673645019531,1.726422930814191,-0.19849281386649917,0.19849281386649917,0.11497345773372508,Medium,False
HUBB,Industrials,2025-05-01,356.0298767089844,2.165336000474517,-2.001757390665977,2.001757390665977,0.9244557843343052,Medium,False
HUBB,Industrials,2025-02-04,417.4642028808594,3.159194677048545,-2.118754025859618,2.118754025859618,0.670662698076919,Medium,False
HUM,Health Care,2025-11-05,278.9644470214844,2.2389241834172005,-10.912828391664945,10.912828391664945,4.874139317665073,Medium,False
HUM,Health Care,2025-07-29,229.92710876464844,2.524092577774311,7.415520521433912,7.415520521433912,2.937895617114311,Medium,True
HUM,Health Care,2025-04-30,260.42486572265625,3.8436430825078296,-1.2800775350513134,1.2800775350513134,0.33303756555255176,Medium,False
HUM,Health Care,2025-02-11,270.549072265625,2.031389720008581,-2.5374944516991342,2.5374944516991342,1.2491421152256375,Medium,False
HBAN,Financials,2025-10-17,16.06844711303711,2.060997193150248,3.0579041138085876,3.0579041138085876,1.4837012510116816,Medium,True
HBAN,Financials,2025-07-18,16.348011016845703,1.5132000673972925,-1.0011782266459872,1.0011782266459872,0.6616297793113478,Medium,False
HII,Industrials,2025-10-30,297.82659912109375,1.7479059117697155,7.908312228004724,7.908312228004724,4.524449614108653,Medium,True
HII,Industrials,2025-07-31,258.421142578125,1.5799723542638546,4.374911976299194,4.374911976299194,2.768980080248028,Medium,True
HII,Industrials,2025-05-01,226.85623168945312,1.1995716128599612,-0.138914003284963,0.138914003284963,0.11580300983762937,Medium,False
HII,Industrials,2025-02-06,191.28086853027344,1.7090087385372057,-13.85111418993671,13.85111418993671,8.104764988968,Medium,False
IBM,Information Technology,2025-10-22,280.5033874511719,1.5473675126255062,6.938889166385969,6.938889166385969,4.484318760584783,Medium,True
IBM,Information Technology,2025-07-23,278.5307312011719,0.7007707082593445,-7.903980866984483,7.903980866984483,11.27898294524511,Medium,False
IBM,Information Technology,2025-04-23,236.39698791503906,3.1806001214536397,-5.324259909604437,5.324259909604437,1.6739796599048966,High,False
IBM,Information Technology,2025-01-29,219.97634887695312,0.8131727156142543,11.840086100953643,11.840086100953643,14.560358302245643,Medium,True
IEX,Industrials,2025-10-29,167.60000610351562,1.2799766930668321,2.0065924916154345,2.0065924916154345,1.5676789292214581,Medium,True
IEX,Industrials,2025-07-30,183.6404571533203,1.2457701400918875,-11.702124842415616,11.702124842415616,9.393486379078304,Medium,False
IEX,Industrials,2025-05-01,170.1708221435547,2.017700067511877,4.2995853268858015,4.2995853268858015,2.1309338271410314,Medium,True
IEX,Industrials,2025-02-04,216.28099060058594,1.335464378421254,-8.840606217678783,8.840606217678783,6.619874225421034,Medium,False
IDXX,Health Care,2025-11-03,629.510009765625,0.9120447271917924,14.711439677669691,14.711439677669691,16.130173487178165,Medium,True
IDXX,Health Care,2025-08-04,535.5399780273438,2.34855253652313,19.867802363884383,19.867802363884383,8.459594603447659,Medium,True
IDXX,Health Care,2025-05-01,436.9700012207031,1.8772523656064304,9.071998278911552,9.071998278911552,4.8325938723645825,Medium,True
IDXX,Health Care,2025-02-03,422.04998779296875,1.434596721410318,10.183630429912824,10.183630429912824,7.098601494015363,Medium,True
ITW,Industrials,2025-10-24,251.33633422851562,1.2881227476430754,-3.740678890437643,3.740678890437643,2.9039770451085487,Medium,False
ITW,Industrials,2025-07-30,256.7497863769531,0.9357759982984498,-1.3603063117245815,1.3603063117245815,1.4536665977734715,Medium,False
ITW,Industrials,2025-04-30,235.67539978027344,1.653107853780653,-1.0382526276893047,1.0382526276893047,0.628061033836857,Medium,False
ITW,Industrials,2025-02-05,249.18594360351562,1.3233786769953118,0.16099312236988167,0.16099312236988167,0.12165310290128847,Medium,True
INCY,Health Care,2025-10-28,91.27999877929688,1.3712599507440875,-3.1156010623448074,3.1156010623448074,2.272071798388181,Medium,False
INCY,Health Care,2025-07-29,70.19999694824219,1.8779537671308504,10.533065855068479,10.533065855068479,5.608799342893815,Medium,True
INCY,Health Care,2025-04-29,59.15999984741211,2.840273299886776,5.275536568378608,5.275536568378608,1.8574045563111516,Medium,True
INCY,Health Care,2025-02-10,74.12999725341797,0.8039673868307458,-10.522050062538806,10.522050062538806,13.087657826540603,Medium,False
IR,Industrials,2025-10-30,79.67948150634766,1.4917560600508344,-3.467552381137934,3.467552381137934,2.32447681896447,Medium,False
IR,Industrials,2025-07-31,85.71670532226562,1.560751577101824,-7.1251324296100425,7.1251324296100425,4.56519316343782,Medium,False
IR,Industrials,2025-05-01,75.3738021850586,1.972344009304329,0.9710010113654636,0.9710010113654636,0.492308140357294,Medium,True
PODD,Health Care,2025-11-06,320.2699890136719,1.5126186569329716,1.7109797866176482,1.7109797866176482,1.1311375664814813,Medium,True
PODD,Health Care,2025-08-07,281.0,1.6688084832669616,10.746491028624016,10.746491028624016,6.43961912728657,Medium,True
PODD,Health Care,2025-05-08,264.30999755859375,2.087723603555062,23.217904057484194,23.217904057484194,11.121158000967077,Medium,True
PODD,Health Care,2025-02-20,283.67999267578125,1.1345920369680218,-1.6684579472147218,1.6684579472147218,1.4705355694839475,Medium,False
INTC,Information Technology,2025-10-23,36.91999816894531,2.5834282577877685,3.616355014762459,3.616355014762459,1.3998279239459903,Medium,True
INTC,Information Technology,2025-07-24,23.489999771118164,2.366432250068984,-8.616875509971354,8.616875509971354,3.6412939815708496,Low,False
INTC,Information Technology,2025-04-24,20.59000015258789,6.961271558591377,-4.560258504764688,4.560258504764688,0.6550898735068831,Medium,False
INTC,Information Technology,2025-01-30,19.75,3.3025200982584844,-3.148431089000737,3.148431089000737,0.9533419919718269,Medium,False
IBKR,Financials,2025-10-16,69.68415069580078,2.485652940877009,-2.305896664694538,2.305896664694538,0.927682471986999,Medium,False
IBKR,Financials,2025-07-17,59.30118942260742,1.6216472270972517,4.324417265365788,4.324417265365788,2.666681873286642,Medium,True
IBKR,Financials,2025-04-15,43.07329177856445,6.30333221048568,-8.020521683331385,8.020521683331385,1.272425665585123,High,False
IBKR,Financials,2025-01-21,47.272918701171875,1.7235155253856567,8.15225497474771,8.15225497474771,4.7300153985694715,Medium,True
ICE,Financials,2025-10-30,156.8022918701172,1.1510392809196432,-2.874784741948424,2.874784741948424,2.497555721687937,Medium,False
ICE,Financials,2025-07-31,183.64743041992188,0.7775905276728996,-0.6137673193731744,0.6137673193731744,0.7893194393841191,Medium,False
ICE,Financials,2025-05-01,164.92990112304688,1.6198660533531002,3.2624855479679207,3.2624855479679207,2.0140464955201827,Medium,True
ICE,Financials,2025-02-06,157.53561401367188,1.2847810469531615,3.8145689131987925,3.8145689131987925,2.96904201867313,Medium,True
IFF,Materials,2025-11-04,61.70036697387695,1.2440148763415422,2.2117375673989,2.2117375673989,1.777902828544368,Medium,True
IFF,Materials,2025-08-05,69.26171875,1.679130860961443,-9.04842229472149,9.04842229472149,5.388753494495664,Medium,False
IFF,Materials,2025-05-06,77.73035430908203,1.0656710971916907,-6.464647495087893,6.464647495087893,6.06626895683279,Medium,False
IFF,Materials,2025-02-18,83.62342834472656,1.1058795330452362,-7.299011977386434,7.299011977386434,6.600187234939872,Medium,False
IP,Materials,2025-10-30,46.55409240722656,1.5390397023508229,-12.638476367698201,12.638476367698201,8.211923544528075,Medium,False
IP,Materials,2025-07-31,53.253456115722656,1.7159164713547375,-13.462621631797758,13.462621631797758,7.845732503033116,Medium,False
IP,Materials,2025-04-30,46.00294876098633,1.689704738921371,-7.852202815177388,7.852202815177388,4.647085750726999,Medium,False
IP,Materials,2025-01-30,56.803504943847656,1.4153405642752275,-4.053113613438035,4.053113613438035,2.8637020062472156,Medium,False
INTU,Information Technology,2025-11-20,649.4238891601562,1.3211554524884241,2.4770981993870853,2.4770981993870853,1.8749483224865164,Medium,True
INTU,Information Technology,2025-08-21,696.5916748046875,1.9772724638269648,-5.847290498106848,5.847290498106848,2.9572507608736704,Low,False
INTU,Information Technology,2025-02-25,563.41650390625,1.2387075589527352,8.06110983313574,8.06110983313574,6.507677921939059,Medium,True
ISRG,Health Care,2025-10-21,458.4700012207031,1.795694816425808,19.13817682230979,19.13817682230979,10.657811476230052,Medium,True
ISRG,Health Care,2025-07-22,516.1199951171875,1.1078980223391963,-4.3816075632950096,4.3816075632950096,3.9548834594394897,Medium,False
ISRG,Health Care,2025-04-22,468.32000732421875,5.593574310255935,6.139034809698922,6.139034809698922,1.0975155543107515,High,True
ISRG,Health Care,2025-01-23,610.4500122070312,2.500094571460677,-5.779909017842952,5.779909017842952,2.311876152135336,Low,False
IVZ,Financials,2025-10-28,22.798582077026367,2.3986717218245555,2.7280572154897564,2.7280572154897564,1.1373199553187099,Medium,True
IVZ,Financials,2025-07-22,19.552871704101562,4.771374549262615,6.138610318321578,6.138610318321578,1.2865496629834396,Medium,True
IVZ,Financials,2025-04-22,12.395502090454102,6.373728034136923,8.426970554779592,8.426970554779592,1.3221415331256288,High,True
IVZ,Financials,2025-01-28,16.882858276367188,2.0266392229311156,7.042259368777862,7.042259368777862,3.4748460846389255,Medium,True
INVH,Real Estate,2025-10-29,27.880674362182617,0.8491404505323054,2.475429047854499,2.475429047854499,2.9152174370008086,Medium,True
INVH,Real Estate,2025-07-30,31.334653854370117,1.2571660241745688,-3.314210113008108,3.314210113008108,2.636254917232714,Medium,False
INVH,Real Estate,2025-04-30,32.66043472290039,1.0506470941276842,3.7437996673230542,3.7437996673230542,3.56332748479298,Medium,True
INVH,Real Estate,2025-02-26,30.893131256103516,0.9401502226411782,7.72884953570027,7.72884953570027,8.22086656958661,Medium,True
IQV,Health Care,2025-10-28,220.52000427246094,1.769952951187717,0.1839714707022538,0.1839714707022538,0.10394144690614561,Medium,True
IQV,Health Care,2025-07-22,160.6300048828125,1.6839600198556977,22.19426100226703,22.19426100226703,13.179802810383174,Medium,True
IQV,Health Care,2025-05-06,153.47999572753906,2.036550516367269,0.6565988049653281,0.6565988049653281,0.32240732537121014,Medium,True
IQV,Health Care,2025-02-06,200.0399932861328,1.8708357418067436,1.3142508353563014,1.3142508353563014,0.702493974210197,Medium,True
IRM,Real Estate,2025-11-05,102.59536743164062,1.4273452140756104,-2.3809466959359735,2.3809466959359735,1.6680944963114215,Medium,False
IRM,Real Estate,2025-08-06,93.02618408203125,1.333599895086876,-3.8932497812052125,3.8932497812052125,2.9193536948738217,Medium,False
IRM,Real Estate,2025-05-01,85.97625732421875,1.7099795966476496,6.791567961496227,6.791567961496227,3.9717245602291626,Medium,True
IRM,Real Estate,2025-02-13,102.5125503540039,2.740456456827136,-7.12547249115612,7.12547249115612,2.600104253948226,Medium,False
JBHT,Industrials,2025-10-15,139.0072021484375,2.3259436879944038,18.742348902919872,18.742348902919872,8.057954713031284,High,True
JBHT,Industrials,2025-07-15,151.32781982421875,1.9533984163413658,2.5728920795667123,2.5728920795667123,1.3171363599165973,Medium,True
JBHT,Industrials,2025-04-15,136.5916748046875,4.731206763645748,-4.35201802076723,4.35201802076723,0.9198536944544092,High,False
JBL,Information Technology,2025-12-17,221.2100067138672,2.0547607929844136,2.107638209914882,2.107638209914882,1.0257340986410721,Medium,True
JBL,Information Technology,2025-09-25,234.35708618164062,1.881242942383829,-4.19034321425815,4.19034321425815,2.2274333207322656,Medium,False
JBL,Information Technology,2025-06-17,175.70562744140625,1.2340166496942193,13.184379508636143,13.184379508636143,10.684118007567514,Medium,True
JBL,Information Technology,2025-03-20,135.45140075683594,2.980245469719348,4.11528570209616,4.11528570209616,1.3808546121147864,Medium,True
JKHY,Financials,2025-11-04,150.12847900390625,1.1599844439386022,6.993836117422937,6.993836117422937,6.029249921383531,Medium,True
JKHY,Financials,2025-08-19,159.72015380859375,1.6859451863802988,1.637290848909225,1.637290848909225,0.9711412103642978,Medium,True
JKHY,Financials,2025-05-06,170.53631591796875,1.1892504801960861,4.3018269901861546,4.3018269901861546,3.617258989440862,Medium,True
JKHY,Financials,2025-02-04,172.4561004638672,0.9741423359274122,-0.12063799912195436,0.12063799912195436,0.1238402178744274,Medium,False
J,Industrials,2025-11-20,150.39682006835938,1.0277973138471352,-11.223716131584847,11.223716131584847,10.92016488112184,High,False
J,Industrials,2025-08-05,138.443603515625,1.1248461049695673,5.0243003874521,5.0243003874521,4.46665580762982,Medium,True
J,Industrials,2025-05-06,124.53675842285156,1.2102335055459825,-5.796410689594963,5.796410689594963,4.789497781240143,Medium,False
J,Industrials,2025-02-04,137.42044067382812,1.191849518503936,-4.690890149187867,4.690890149187867,3.935807395447109,Medium,False
JCI,Industrials,2025-11-05,113.18000030517578,1.3204228770550566,10.095460187361272,10.095460187361272,7.64562653585434,Medium,True
JCI,Industrials,2025-07-29,111.7300033569336,0.8524832531574424,-6.725251278481187,6.725251278481187,7.889012779514533,Medium,False
JCI,Industrials,2025-05-07,89.00675201416016,1.8691120031136388,2.736174752650844,2.736174752650844,1.4638902045959892,Medium,True
JCI,Industrials,2025-02-05,76.37823486328125,2.0727232998561105,13.856903438665475,13.856903438665475,6.685360964305958,Medium,True
KVUE,Consumer Staples,2025-11-03,14.191234588623047,4.683475181487851,11.134304639037113,11.134304639037113,2.3773595903843256,Medium,True
KVUE,Consumer Staples,2025-08-07,21.16781997680664,1.7554763592159246,-0.4664195647933034,0.4664195647933034,0.2656940165241687,Medium,False
KVUE,Consumer Staples,2025-05-08,22.855945587158203,1.5500485236639077,5.755091545991393,5.755091545991393,3.7128460549014735,Medium,True
KVUE,Consumer Staples,2025-02-06,19.981719970703125,1.5443707607204362,-2.7000931717233017,2.7000931717233017,1.7483451774648533,Medium,False
KDP,Consumer Staples,2025-10-27,26.936979293823242,1.2842429271184745,6.222385394896952,6.222385394896952,4.845177858100769,Medium,True
KDP,Consumer Staples,2025-07-24,33.203369140625,1.2079908372224826,-0.6865566478454322,0.6865566478454322,0.5683459068481206,Medium,False
KDP,Consumer Staples,2025-04-24,34.6315803527832,1.2494304332318462,-2.2449492501158064,2.2449492501158064,1.7967781081727743,High,False
KDP,Consumer Staples,2025-02-25,33.002960205078125,1.2050409312229338,-1.1137171133162767,1.1137171133162767,0.9242151734929225,Medium,False
KEY,Financials,2025-10-16,17.811716079711914,2.0290819969727347,-4.342920331842245,4.342920331842245,2.140337521264106,High,False
KEY,Financials,2025-07-22,18.102584838867188,1.293121688307713,2.844626466567919,2.844626466567919,2.199813437736579,Medium,True
KEY,Financials,2025-01-21,17.458959579467773,2.0665969643650657,-5.464486784431173,5.464486784431173,2.6441956891725447,Medium,False
KEYS,Information Technology,2025-11-24,172.7100067138672,1.9757714036791367,10.423821952680147,10.423821952680147,5.275823879862655,Medium,True
KEYS,Information Technology,2025-08-19,164.42999267578125,2.1623620650915236,-1.7678000154006623,1.7678000154006623,0.8175319221232448,Medium,False
KEYS,Information Technology,2025-05-20,162.77000427246094,1.8135258416782731,-0.6511041392651281,0.6511041392651281,0.3590266674460968,Medium,False
KEYS,Information Technology,2025-02-25,173.47000122070312,1.920742814543282,-8.108260209992917,8.108260209992917,4.221418999253637,Medium,False
KMB,Consumer Staples,2025-10-30,119.21125030517578,0.7933401691367359,2.561687919458203,2.561687919458203,3.2289905630842752,Medium,True
KMB,Consumer Staples,2025-08-01,122.57817840576172,0.9583003779510879,6.836780731697396,6.836780731697396,7.134277402994354,Medium,True
KMB,Consumer Staples,2025-04-22,138.41781616210938,2.3158281047850613,-4.761903156281948,4.761903156281948,2.056242061508237,High,False
KMB,Consumer Staples,2025-01-28,123.35951232910156,0.9074582014226797,-1.3240986375070647,1.3240986375070647,1.4591290655935352,Medium,False
KIM,Real Estate,2025-10-30,21.51173973083496,1.2038277161881712,-3.457938145539853,3.457938145539853,2.8724526766082032,Medium,False
KIM,Real Estate,2025-07-31,21.412456512451172,1.330777705944617,-5.296809713585938,5.296809713585938,3.9802362858386924,Medium,False
KIM,Real Estate,2025-05-01,19.37069320678711,1.3987973877211382,5.705710252448109,5.705710252448109,4.079011229598886,Medium,True
KIM,Real Estate,2025-02-07,21.32852554321289,1.6201031617810553,-1.2048168034304432,1.2048168034304432,0.7436667194118254,Medium,False
KMI,Energy,2025-10-22,27.192344665527344,1.1528919117502188,-6.168357803639138,6.168357803639138,5.350334875951104,Medium,False
KMI,Energy,2025-07-16,27.338422775268555,1.4076014914661354,-0.10748845302325069,0.10748845302325069,0.07636284394050508,Medium,False
KMI,Energy,2025-01-22,29.90215492248535,1.3069423186383602,-1.656926037012646,1.656926037012646,1.2677881903303252,Medium,False
KKR,Financials,2025-11-07,118.70658874511719,1.316109363010351,0.6705232298423057,0.6705232298423057,0.5094737935064991,Medium,True
KKR,Financials,2025-07-31,150.57154846191406,1.9043321162194675,-5.2383031892130365,5.2383031892130365,2.7507298462267498,Medium,False
KKR,Financials,2025-05-01,113.84689331054688,3.1462822643921777,2.3278231187590954,2.3278231187590954,0.7398646793722436,Medium,True
KKR,Financials,2025-02-04,166.12599182128906,1.766050820093786,-5.765232323697661,5.765232323697661,3.2644770230289857,Medium,False
KLAC,Information Technology,2025-10-29,1204.0198974609375,3.4102211563773253,-2.1485055527047656,2.1485055527047656,0.6300194193232679,Medium,False
KLAC,Information Technology,2025-07-31,921.435302734375,1.7158055465791335,4.162544633145464,4.162544633145464,2.4260002198060766,Medium,True
KLAC,Information Technology,2025-04-30,683.6604614257812,2.6407816839265923,-0.644676450351575,0.644676450351575,0.2441233420677934,Medium,False
KLAC,Information Technology,2025-01-30,706.9275512695312,2.604644590380959,-0.29901622468137495,0.29901622468137495,0.1148011616577755,Medium,False
KHC,Consumer Staples,2025-10-29,25.190156936645508,0.8967340442666618,-3.6833837353472876,3.6833837353472876,4.107554250780692,Medium,False
KHC,Consumer Staples,2025-07-30,27.40615463256836,2.1193681401371913,-3.8515347686841146,3.8515347686841146,1.8173033253367659,Medium,False
KHC,Consumer Staples,2025-04-29,28.185590744018555,1.5202608907579154,1.0065998827980511,1.0065998827980511,0.6621231190761067,Medium,True
KHC,Consumer Staples,2025-02-12,27.325082778930664,1.708965376381057,-1.1156282467458138,1.1156282467458138,0.6528091570282676,Medium,False
KR,Consumer Staples,2025-12-04,67.02999877929688,1.6685848204225144,-5.27190033935825,5.27190033935825,3.1595039549882245,Medium,False
KR,Consumer Staples,2025-09-11,67.27118682861328,0.9089683520548826,1.8797609788511298,1.8797609788511298,2.0680158716214927,Low,True
KR,Consumer Staples,2025-06-20,64.8428955078125,0.8056176275421693,12.942623961535638,12.942623961535638,16.065467684740014,Medium,True
KR,Consumer Staples,2025-03-06,62.22547149658203,1.4669396965393247,6.668790853640709,6.668790853640709,4.546056575722325,Medium,True
LHX,Industrials,2025-10-30,286.1883544921875,1.7003103062833098,0.7773595136594469,0.7773595136594469,0.4571868504159507,Medium,True
LHX,Industrials,2025-07-24,262.1660461425781,0.586978912603077,-0.11870145607652244,0.11870145607652244,0.20222439601810696,Medium,False
LHX,Industrials,2025-04-24,212.19422912597656,2.5367830500157202,-0.10633574266635873,0.10633574266635873,0.0419175548597661,High,False
LHX,Industrials,2025-01-30,209.29080200195312,1.9188589933857654,0.02829938593194016,0.02829938593194016,0.014748027879842697,Medium,True
LH,Health Care,2025-10-28,278.7442321777344,1.1564630015051038,-9.983321724217356,9.983321724217356,8.632633911525355,Medium,False
LH,Health Care,2025-07-24,250.74932861328125,1.6083631378661554,5.768229277489686,5.768229277489686,3.5863973388139825,Medium,True
LH,Health Care,2025-04-29,226.4518585205078,2.6932132952738583,4.969499021179994,4.969499021179994,1.8451932603706651,Medium,True
LH,Health Care,2025-02-06,243.96359252929688,1.218763570581484,-1.4880529561658866,1.4880529561658866,1.22095293302533,Medium,False
LRCX,Information Technology,2025-10-22,144.80160522460938,3.4616709744085346,7.384070865404747,7.384070865404747,2.13309436974044,Medium,True
LRCX,Information Technology,2025-07-30,98.58271789550781,1.5498513062148012,-2.744976189285808,2.744976189285808,1.7711222865565461,Medium,False
LRCX,Information Technology,2025-04-23,63.09376525878906,6.961130788017687,7.028305625338555,7.028305625338555,1.0096499892569892,High,True
LRCX,Information Technology,2025-01-29,73.83383178710938,2.5566081879466647,7.850975834450742,7.850975834450742,3.0708560942051273,Medium,True
LW,Consumer Staples,2025-12-19,59.459999084472656,1.208570200698067,-27.861119305312336,27.861119305312336,23.052959016546847,Low,False
LW,Consumer Staples,2025-09-30,54.89147186279297,2.358473355269958,11.38854016190552,11.38854016190552,4.828776265993454,Medium,True
LW,Consumer Staples,2025-07-23,47.444583892822266,1.821391489868439,19.19870622331128,19.19870622331128,10.540680754305063,Medium,True
LW,Consumer Staples,2025-04-03,52.27544021606445,1.8257949528011752,8.95660226356754,8.95660226356754,4.9055904387434754,High,True
LVS,Consumer Discretionary,2025-10-22,50.41499328613281,3.6310463451198163,13.789018270900366,13.789018270900366,3.7975329864442586,Medium,True
LVS,Consumer Discretionary,2025-07-23,48.09294891357422,1.1187653001378217,7.640167727809856,7.640167727809856,6.829106808075524,Medium,True
LVS,Consumer Discretionary,2025-04-23,33.4217414855957,4.958473358150248,4.392087745077658,4.392087745077658,0.8857741945630058,High,True
LVS,Consumer Discretionary,2025-01-29,42.322269439697266,1.7177745453281137,5.52613356459413,5.52613356459413,3.2170307678756402,Medium,True
LDOS,Industrials,2025-11-04,190.03831481933594,1.5129476695440471,1.0463635138604763,1.0463635138604763,0.6916058862603067,Medium,True
LDOS,Industrials,2025-08-05,158.49362182617188,0.9410484287763174,8.412558277769138,8.412558277769138,8.939559347342326,Medium,True
LDOS,Industrials,2025-05-06,147.73257446289062,1.1227902422149905,4.582936338595617,4.582936338595617,4.081738659889496,Medium,True
LDOS,Industrials,2025-02-11,140.83363342285156,2.7047650329378174,-4.146538963583891,4.146538963583891,1.5330496043421826,Medium,False
LEN,Consumer Discretionary,2025-12-16,119.7300033569336,2.147901167077286,-7.859145945184776,7.859145945184776,3.658988628363638,Medium,False
LEN,Consumer Discretionary,2025-09-18,132.40614318847656,2.0861669909681844,-8.248661635321962,8.248661635321962,3.953979557261512,Medium,False
LEN,Consumer Discretionary,2025-06-16,107.68048858642578,2.017429305111409,-5.553007807775136,5.553007807775136,2.752516677390329,Medium,False
LEN,Consumer Discretionary,2025-03-20,118.71785736083984,1.946405404208406,-2.0904539787520786,2.0904539787520786,1.0740074879735841,Medium,False
LII,Industrials,2025-10-22,533.3427734375,1.7710481210150186,-9.836247581368461,9.836247581368461,5.553913224972756,Medium,False
LII,Industrials,2025-07-23,597.9515991210938,1.5775850953112756,7.189050940462292,7.189050940462292,4.55699724967534,Medium,True
LII,Industrials,2025-04-23,535.8613891601562,3.6408568284698593,-6.240485317179615,6.240485317179615,1.714015576877902,High,False
LII,Industrials,2025-01-29,649.7351684570312,1.1104021330574636,-8.459245942636805,8.459245942636805,7.618182360064898,Medium,False
LLY,Health Care,2025-10-30,818.8973388671875,1.2731128478463098,6.063693664519551,6.063693664519551,4.762887810595373,Medium,True
LLY,Health Care,2025-08-07,763.1505737304688,2.4015607338578016,-16.174270951864735,16.174270951864735,6.734899819036776,Medium,False
LLY,Health Care,2025-05-01,880.1605834960938,4.655300553769115,-8.379780080629317,8.379780080629317,1.8000513573381889,Medium,False
LLY,Health Care,2025-02-06,819.9541015625,1.448980959835645,4.2900544095700095,4.2900544095700095,2.960738980349764,Medium,True
LIN,Materials,2025-10-31,430.4248046875,1.0707307098109802,-4.124120388449399,4.124120388449399,3.8516877779450676,Medium,False
LIN,Materials,2025-08-01,463.0423278808594,0.9063749628766984,1.5512979345380364,1.5512979345380364,1.7115410267009683,Medium,True
LIN,Materials,2025-05-01,446.07659912109375,1.2138399703699931,0.37950062728669226,0.37950062728669226,0.3126446949765675,Medium,True
LIN,Materials,2025-02-06,448.7574768066406,0.9356367796898869,0.29755298814123626,0.29755298814123626,0.3180219018750621,Medium,True
LYV,Communication Services,2025-11-04,149.83999633789062,1.2789566393614842,-8.61027908957815,8.61027908957815,6.732268182193268,Medium,False
LYV,Communication Services,2025-08-07,149.2899932861328,1.6392122821045123,4.181558487614982,4.181558487614982,2.5509560496011314,Medium,True
LYV,Communication Services,2025-05-01,132.4499969482422,1.9481459188491497,3.63940833910156,3.63940833910156,1.8681394981190675,Medium,True
LYV,Communication Services,2025-02-20,153.6699981689453,1.0330252552420645,1.5099709049206786,1.5099709049206786,1.461697956810217,Medium,True
LMT,Industrials,2025-10-21,491.41900634765625,0.9694350142503672,-3.7082386664089535,3.7082386664089535,3.8251544579049632,Medium,False
LMT,Industrials,2025-07-22,457.1289978027344,0.8928992807521088,-8.933182338135264,8.933182338135264,10.00469205284906,Medium,False
LMT,Industrials,2025-04-22,448.49261474609375,2.5291155612427763,1.0236326547361418,1.0236326547361418,0.4047393762557617,High,True
LMT,Industrials,2025-01-28,482.7302551269531,1.5104508639700764,-9.793729167082493,9.793729167082493,6.483977334648681,Medium,False
LOW,Consumer Discretionary,2025-11-19,225.0,0.9701574720968177,4.035152824164996,4.035152824164996,4.159276138381692,Medium,True
LOW,Consumer Discretionary,2025-08-20,249.66249084472656,1.735854560436793,-0.27695485910340983,0.27695485910340983,0.1595495759931176,Medium,False
LOW,Consumer Discretionary,2025-05-21,232.0488739013672,1.7294700997507109,-3.2432391715153677,3.2432391715153677,1.8752791227687917,Medium,False
LOW,Consumer Discretionary,2025-02-26,233.44007873535156,1.4673318375749642,1.2830579804265378,1.2830579804265378,0.8744156894646457,Medium,True
LULU,Consumer Discretionary,2025-12-11,187.6199951171875,2.238995858557356,10.309608761895406,10.309608761895406,4.6045680354845135,Medium,True
LULU,Consumer Discretionary,2025-09-04,198.52999877929688,2.132704966242178,-18.433689606209363,18.433689606209363,8.64333787279048,Medium,False
LULU,Consumer Discretionary,2025-06-05,335.19000244140625,2.1455154030782433,-21.688128211839487,21.688128211839487,10.108586580512448,Medium,False
LULU,Consumer Discretionary,2025-03-27,337.7900085449219,2.6384285843238344,-17.120019157815634,17.120019157815634,6.488718042070137,Medium,False
LYB,Materials,2025-10-31,45.40375900268555,2.028363326693005,2.36725569209301,2.36725569209301,1.167076756387884,Medium,True
LYB,Materials,2025-08-01,55.870765686035156,4.14474196854954,-12.135332858484606,12.135332858484606,2.9278862111484805,Medium,False
LYB,Materials,2025-04-25,53.52458953857422,5.591480917438899,-0.8945156911037931,0.8945156911037931,0.15997831420902242,Medium,False
LYB,Materials,2025-01-31,70.87864685058594,0.7591018109587612,0.23646333557645216,0.23646333557645216,0.3115041120476239,Medium,True
MTB,Financials,2025-10-16,185.5650634765625,1.5542560490581452,-2.3563767569504983,2.3563767569504983,1.5160801583358325,High,False
MTB,Financials,2025-07-16,199.95040893554688,1.0058216996567342,-0.8515832953634425,0.8515832953634425,0.8466543281518683,Medium,False
MTB,Financials,2025-04-14,154.38919067382812,4.001417511511666,1.03830293765132,1.03830293765132,0.2594837791018381,High,True
MTB,Financials,2025-01-16,189.2812042236328,1.2277455075482633,-2.0461010811987346,2.0461010811987346,1.666551470658345,Medium,False
MPC,Energy,2025-11-04,193.9335479736328,1.896222975133902,-4.908321924372118,4.908321924372118,2.588472974295397,Medium,False
MPC,Energy,2025-08-05,163.78895568847656,1.7159912373545594,-3.28649898899625,3.28649898899625,1.9152189809913296,Medium,False
MPC,Energy,2025-05-06,139.27210998535156,1.605852024567276,0.9488520755260025,0.9488520755260025,0.5908714258909918,Medium,True
MPC,Energy,2025-02-04,142.54483032226562,1.9993460581191014,7.013596337979121,7.013596337979121,3.507945165119244,Medium,True
MAR,Consumer Discretionary,2025-11-04,259.9656677246094,1.5591921589388344,7.268184748808418,7.268184748808418,4.661506734202055,Medium,True
MAR,Consumer Discretionary,2025-08-05,254.10035705566406,1.4101244039515615,1.3815537437969083,1.3815537437969083,0.9797389080888252,Medium,True
MAR,Consumer Discretionary,2025-05-06,247.61111450195312,1.7671244234046073,3.5265053200514265,3.5265053200514265,1.9956180070541558,Medium,True
MAR,Consumer Discretionary,2025-02-11,301.0313720703125,1.1413443040255824,-4.598455855210439,4.598455855210439,4.028982173907942,Medium,False
MLM,Materials,2025-11-04,612.2835083007812,0.8721917807746581,-1.4031937715395628,1.4031937715395628,1.6088133395309947,Medium,False
MLM,Materials,2025-08-07,605.8740844726562,1.435038036019221,2.153701030550154,2.153701030550154,1.5007971750522346,Medium,True
MLM,Materials,2025-04-30,500.8303527832031,1.749402224788608,3.5692985262064063,3.5692985262064063,2.0402960940773402,Medium,True
MLM,Materials,2025-02-12,527.920166015625,0.8945015557328043,0.5028225601501343,0.5028225601501343,0.5621259761121443,Medium,True
MAS,Industrials,2025-10-29,67.97895050048828,1.879899155466601,-5.027036300029929,5.027036300029929,2.6740989193019726,Medium,False
MAS,Industrials,2025-07-31,66.0208511352539,1.325720414998603,4.716255624389723,4.716255624389723,3.557503958626671,Medium,True
MAS,Industrials,2025-04-23,59.18895721435547,3.4524509614064405,-1.8394967630385994,1.8394967630385994,0.5328089474989198,High,False
MAS,Industrials,2025-02-11,75.83289337158203,1.6229314783138498,-1.108542050063965,1.108542050063965,0.6830492013228362,Medium,False
MA,Financials,2025-10-30,565.0811767578125,1.2017435532166572,-0.4670210152292432,0.4670210152292432,0.38861953033089913,Medium,False
MA,Financials,2025-07-31,561.7335205078125,0.5836295281884398,0.1395235443381083,0.1395235443381083,0.2390618322057542,Medium,True
MA,Financials,2025-05-01,537.432861328125,1.2897932199986961,2.0672941381187955,2.0672941381187955,1.6028105172710438,Medium,True
MA,Financials,2025-01-30,544.2177734375,1.0389446369518804,1.2081092448254571,1.2081092448254571,1.1628235055622234,Medium,True
MTCH,Communication Services,2025-11-04,32.30976486206055,1.0314833764222697,3.4865350430394084,3.4865350430394084,3.380117530475922,Medium,True
MTCH,Communication Services,2025-08-05,33.49758529663086,1.2885924476279433,7.767555336899972,7.767555336899972,6.027937965334642,Medium,True
MTCH,Communication Services,2025-05-08,29.448333740234375,1.410473888413301,-10.533245434342142,10.533245434342142,7.46787694608896,Medium,False
MTCH,Communication Services,2025-02-04,34.58535385131836,1.2868958550230976,-5.154928353037381,5.154928353037381,4.005707480458749,Medium,False
MKC,Consumer Staples,2025-10-07,67.9590072631836,1.1613340905550362,-3.6315762583661586,3.6315762583661586,3.1270728104007692,Medium,False
MKC,Consumer Staples,2025-06-26,73.23776245117188,1.2525474643820975,3.625737137571605,3.625737137571605,2.894690413476859,Medium,True
MKC,Consumer Staples,2025-03-25,78.12763977050781,1.2259749427333453,0.6596921086019767,0.6596921086019767,0.5380959150202326,Medium,True
MKC,Consumer Staples,2025-01-23,72.35844421386719,1.8805133239472398,2.2528643827142614,2.2528643827142614,1.1980050096031483,Medium,True
MCD,Consumer Discretionary,2025-11-05,294.6021423339844,0.9167340548600121,-0.26736017305099335,0.26736017305099335,0.2916442032818558,Medium,False
MCD,Consumer Discretionary,2025-08-06,300.70806884765625,0.9526495829430661,3.059226751436096,3.059226751436096,3.2112823080078194,Medium,True
MCD,Consumer Discretionary,2025-05-01,309.1060485839844,1.405430109283988,-2.4057549126497575,2.4057549126497575,1.7117570605310257,Medium,False
MCD,Consumer Discretionary,2025-02-10,287.592041015625,1.0103066603439685,5.40603778830548,5.40603778830548,5.350888003118719,Medium,True
MCK,Health Care,2025-11-05,840.88671875,1.199153191673258,0.9155913491415454,0.9155913491415454,0.7635315950449667,Medium,True
MCK,Health Care,2025-08-06,707.9832153320312,1.1133645649654103,-4.9988714502286085,4.9988714502286085,4.489878344910243,Medium,False
MCK,Health Care,2025-05-08,720.1245727539062,0.8530121918214694,-0.3955152000154694,0.3955152000154694,0.46366887109891214,Medium,False
MCK,Health Care,2025-02-05,600.7776489257812,1.1881482421261755,-1.8470948333437525,1.8470948333437525,1.55459964325529,Medium,False
MDT,Health Care,2025-11-18,95.87000274658203,1.1527812495246164,4.216864987608177,4.216864987608177,3.6579923462036934,Medium,True
MDT,Health Care,2025-08-19,92.31963348388672,1.1534956910384306,0.441763502341798,0.441763502341798,0.38297802564316635,Medium,True
MDT,Health Care,2025-05-21,85.60408020019531,1.4070290653297741,-6.321636487482152,6.321636487482152,4.49289687274549,Medium,False
MDT,Health Care,2025-02-18,90.63369750976562,0.7872296562144551,-6.260099296774118,6.260099296774118,7.952062333216722,Medium,False
MRK,Health Care,2025-10-30,86.2924575805664,0.9724180304022781,-0.693003039536909,0.693003039536909,0.7126595948146104,Medium,False
MRK,Health Care,2025-07-29,83.1705551147461,1.6924663577407302,-2.748028644214167,2.748028644214167,1.6236828765580338,Medium,False
MRK,Health Care,2025-04-24,76.76626586914062,2.587989827596527,5.080008663755291,5.080008663755291,1.9629167818148296,High,True
MRK,Health Care,2025-02-04,95.23954772949219,1.452573566597923,-10.141292439890622,10.141292439890622,6.981603323295063,Medium,False
MET,Financials,2025-11-05,79.45999908447266,0.6572393045586403,-3.2155551213571165,3.2155551213571165,4.8925179901048015,Medium,False
MET,Financials,2025-08-06,74.35298156738281,1.6408230958051089,0.4213371878254466,0.4213371878254466,0.2567840426567786,Medium,True
MET,Financials,2025-04-30,74.74360656738281,1.8227323465388443,3.237351622634542,3.237351622634542,1.7760981905993463,Medium,True
MET,Financials,2025-02-05,82.77350616455078,1.0168503650479388,-1.270602180123327,1.270602180123327,1.2495468593979657,Medium,False
MTD,Health Care,2025-11-06,1439.72998046875,1.6741467639398748,-0.4897159564355115,0.4897159564355115,0.29251674165234604,Medium,False
MTD,Health Care,2025-07-31,1265.9000244140625,2.0712707284037988,-0.14590888640133334,0.14590888640133334,0.07044414059468526,Medium,False
MTD,Health Care,2025-05-01,1070.5699462890625,2.809069274872059,3.2699890462749535,3.2699890462749535,1.1640827357039414,Medium,True
MTD,Health Care,2025-02-06,1363.56005859375,1.2541185975355325,-1.2355789908041193,1.2355789908041193,0.9852170227218978,Medium,False
MGM,Consumer Discretionary,2025-10-29,31.950000762939453,1.978366643188627,2.6273621239296294,2.6273621239296294,1.3280461096407215,Medium,True
MGM,Consumer Discretionary,2025-07-30,37.40999984741211,1.8118593192352286,-5.623022724537677,5.623022724537677,3.103454371342202,Medium,False
MGM,Consumer Discretionary,2025-04-30,31.799999237060547,2.148335927752948,1.6211069412699084,1.6211069412699084,0.7545872693035978,Medium,True
MGM,Consumer Discretionary,2025-02-12,34.27000045776367,1.0288196933061717,15.8277643598051,15.8277643598051,15.384390931458224,Medium,True
MCHP,Information Technology,2025-11-06,60.25650405883789,2.4606517316875314,-6.6385808469963585,6.6385808469963585,2.697895342728398,Medium,False
MCHP,Information Technology,2025-08-07,65.12709045410156,2.582988170568183,-7.958315247902675,7.958315247902675,3.0810498238372013,Medium,False
MCHP,Information Technology,2025-05-08,46.95880889892578,3.890748377531704,24.053715329071686,24.053715329071686,6.182284998941873,Medium,True
MCHP,Information Technology,2025-02-06,51.86310958862305,2.2433538075056223,-1.9958735956354894,1.9958735956354894,0.8896829331859581,Medium,False
MU,Information Technology,2025-12-17,232.41610717773438,3.5310215428732867,17.914151698242915,17.914151698242915,5.073362334591051,Medium,True
MU,Information Technology,2025-09-23,164.45053100585938,3.047536162947048,-5.756860336281608,5.756860336281608,1.8890211726690629,Medium,False
MU,Information Technology,2025-06-25,127.65816497802734,1.7257045162634572,-1.9567796011972793,1.9567796011972793,1.1339018834082628,Medium,False
MU,Information Technology,2025-03-20,101.72660827636719,4.169048782807089,-5.883497385168422,5.883497385168422,1.4112325596744317,Medium,False
MAA,Real Estate,2025-10-29,129.242431640625,0.6817008473155955,1.5441893841310483,1.5441893841310483,2.265200916518974,Medium,True
MAA,Real Estate,2025-07-30,148.90396118164062,1.220009998598,-5.90765299244735,5.90765299244735,4.8422988329901,Medium,False
MAA,Real Estate,2025-04-30,152.41600036621094,1.5039021766742129,5.086132061589634,5.086132061589634,3.3819567126615255,Medium,True
MAA,Real Estate,2025-02-05,148.21710205078125,1.6672014709231642,0.8032255668305347,0.8032255668305347,0.4817807450624261,Medium,True
MRNA,Health Care,2025-11-06,23.75,5.719589553135503,4.159598776738604,4.159598776738604,0.7272547685625964,Medium,True
MRNA,Health Care,2025-08-01,32.150001525878906,3.2305615796886094,-6.4952642455426215,6.4952642455426215,2.0105681582979433,Medium,False
MRNA,Health Care,2025-05-01,27.81999969482422,2.3890893641459865,-3.258585407647305,3.258585407647305,1.3639445457964825,Medium,False
MOH,Health Care,2025-10-22,196.8000030517578,1.9638808683414672,-16.301950885358508,16.301950885358508,8.300885836891826,Medium,False
MOH,Health Care,2025-07-23,180.63999938964844,3.5652421524711326,-13.261495783200559,13.261495783200559,3.7196620078130684,Medium,False
MOH,Health Care,2025-04-23,321.1600036621094,3.32586717500315,-5.268069347703314,5.268069347703314,1.5839686525359584,High,False
MOH,Health Care,2025-02-05,315.4100036621094,2.369373547292258,-10.422386526327463,10.422386526327463,4.398794161536184,Medium,False
TAP,Consumer Staples,2025-11-04,43.269081115722656,1.3927341391541557,4.53493754130247,4.53493754130247,3.2561401446342497,Medium,True
TAP,Consumer Staples,2025-08-05,47.26346206665039,1.823404456351215,3.2915001418436085,3.2915001418436085,1.805139902109363,Medium,True
TAP,Consumer Staples,2025-05-08,55.27729415893555,1.1567775724809888,-3.8881114359319313,3.8881114359319313,3.3611573464317237,Medium,False
TAP,Consumer Staples,2025-02-13,52.062705993652344,1.6714623888022349,12.92796262972633,12.92796262972633,7.734522006798174,Medium,True
MDLZ,Consumer Staples,2025-10-28,61.097511291503906,1.113534747373485,-4.035875615037216,4.035875615037216,3.6243822876265965,Medium,False
MDLZ,Consumer Staples,2025-07-29,68.39485168457031,1.3307466026966444,-7.201261986162956,7.201261986162956,5.411444952457676,Medium,False
MDLZ,Consumer Staples,2025-04-29,63.54741668701172,1.4377669640146937,3.3815658468992607,3.3815658468992607,2.3519568410842284,Medium,True
MDLZ,Consumer Staples,2025-02-04,55.651878356933594,1.5944643197435715,3.047052253573313,3.047052253573313,1.911019403722595,Medium,True
MPWR,Information Technology,2025-10-30,1092.232666015625,3.453159498682275,-7.68969926522183,7.68969926522183,2.2268589875898344,Medium,False
MPWR,Information Technology,2025-07-31,728.0232543945312,1.4217638292575785,16.786176921332828,16.786176921332828,11.80658599965811,Medium,True
MPWR,Information Technology,2025-05-01,589.803955078125,3.1006044149567304,4.2833702361316615,4.2833702361316615,1.38146298685169,Medium,True
MPWR,Information Technology,2025-02-06,648.487060546875,4.707720619703808,6.727190986460248,6.727190986460248,1.4289698837063736,Medium,True
MNST,Consumer Staples,2025-11-06,67.87000274658203,1.344917138531108,5.610015620066953,5.610015620066953,4.1712723106451755,Medium,True
MNST,Consumer Staples,2025-08-07,59.5,1.6784898904550205,4.703948431315528,4.703948431315528,2.8024883903473126,Medium,True
MNST,Consumer Staples,2025-05-08,60.560001373291016,1.1580642506923222,2.0286019838455753,2.0286019838455753,1.7517179920136745,Medium,True
MNST,Consumer Staples,2025-02-27,51.650001525878906,1.820558878260354,6.259630421065594,6.259630421065594,3.438301554436417,Medium,True
MCO,Financials,2025-10-22,473.5201110839844,1.2482619309753087,-1.1589580828611645,1.1589580828611645,0.9284574447893575,Medium,False
MCO,Financials,2025-07-23,498.2691650390625,0.8782538703362742,2.7989362274741456,2.7989362274741456,3.1869329837424596,Medium,True
MCO,Financials,2025-04-22,422.4374084472656,4.975483551000054,4.226948123582194,4.226948123582194,0.8495552402605357,High,True
MCO,Financials,2025-02-13,508.71087646484375,0.9437457906997763,3.442543182365453,3.442543182365453,3.6477441449702765,Medium,True
MS,Financials,2025-10-15,154.19129943847656,1.4134155767105694,3.0127505741810263,3.0127505741810263,2.1315391055704764,Medium,True
MS,Financials,2025-07-16,142.11154174804688,0.9192227506784336,-0.48733227584729627,0.48733227584729627,0.5301568912297047,Medium,False
MS,Financials,2025-04-11,109.3804702758789,5.25926477703606,2.3737962427898838,2.3737962427898838,0.4513551500876655,High,True
MS,Financials,2025-01-16,121.22555541992188,1.535321935211207,5.607052055347556,5.607052055347556,3.6520367010689654,Medium,True
MOS,Materials,2025-11-04,27.012285232543945,1.3727805945392098,-6.139355228612272,6.139355228612272,4.472204264129346,Medium,False
MOS,Materials,2025-08-05,34.95859909057617,1.842325454017538,-11.21076203955758,11.21076203955758,6.085114882992253,Medium,False
MOS,Materials,2025-05-06,29.936416625976562,1.153923045207845,5.911329008425081,5.911329008425081,5.122810427414881,Medium,True
MOS,Materials,2025-02-27,24.448131561279297,1.875671188999129,-7.014747967560007,7.014747967560007,3.739860167763799,Medium,False
MSI,Information Technology,2025-10-30,430.7461242675781,1.6392730350373315,-9.370812263372724,9.370812263372724,5.716443852295368,Medium,False
MSI,Information Technology,2025-08-07,439.6560363769531,0.7576038013578815,3.558747618030477,3.558747618030477,4.697372969422805,Medium,True
MSI,Information Technology,2025-05-01,436.7801208496094,1.2790217085513236,-7.694236639071283,7.694236639071283,6.015720130181461,Medium,False
MSCI,Financials,2025-10-28,540.5874633789062,1.2208762316535355,3.781585097896519,3.781585097896519,3.0974352680900337,Medium,True
MSCI,Financials,2025-07-22,574.2924194335938,1.2705111729762308,-8.150933691262043,8.150933691262043,6.4154758058271195,Medium,False
MSCI,Financials,2025-04-22,541.7384033203125,4.214201085059288,-0.01312050700595805,0.01312050700595805,0.00311340316732263,High,False
MSCI,Financials,2025-01-29,615.9112548828125,0.8441409069927902,-5.985623187835535,5.985623187835535,7.0907867848260295,Medium,False
NDAQ,Financials,2025-10-21,88.32508087158203,1.275709275639022,-1.6205329743324903,1.6205329743324903,1.2702995935502162,Medium,False
NDAQ,Financials,2025-07-24,88.41439056396484,1.1631479864248986,7.430892420584654,7.430892420584654,6.388604465906839,Medium,True
NDAQ,Financials,2025-04-24,72.04400634765625,3.1669110629778245,2.5306194607221317,2.5306194607221317,0.7990813162724588,High,True
NDAQ,Financials,2025-01-29,80.46758270263672,0.5843168934551011,1.3425209775145548,1.3425209775145548,2.2975905583974257,Medium,True
NTAP,Information Technology,2025-11-25,108.43091583251953,1.8361607817635135,0.0717559472538083,0.0717559472538083,0.03907933769552106,Medium,True
NTAP,Information Technology,2025-08-27,108.4072036743164,1.248047527392492,0.5885981545483205,0.5885981545483205,0.4716151762089228,Low,True
NTAP,Information Technology,2025-05-29,98.27925109863281,1.89368657092025,-0.44350402731012123,0.44350402731012123,0.2342013900930804,Medium,False
NTAP,Information Technology,2025-02-27,121.97076416015625,1.5665934169181908,-19.023857769351295,19.023857769351295,12.143455707081362,Medium,False
NFLX,Communication Services,2025-10-21,123.85600280761719,1.520648201833769,-10.292021393403314,10.292021393403314,6.768180425289711,Medium,False
NFLX,Communication Services,2025-07-17,125.03099822998047,1.5282632359134467,-3.2099298710283413,3.2099298710283413,2.100377602232745,Medium,False
NFLX,Communication Services,2025-04-17,96.16300201416016,3.6389226757934603,2.7328580607995208,2.7328580607995208,0.7510074558546717,High,True
NFLX,Communication Services,2025-01-21,85.80999755859375,1.818148209884565,13.24394884845869,13.24394884845869,7.28430651387851,Medium,True
NEM,Materials,2025-10-23,86.75785827636719,4.532067570429899,-11.5622580377821,11.5622580377821,2.551210426168764,Medium,False
NEM,Materials,2025-07-24,61.03900909423828,2.712921670550549,3.4953633686308367,3.4953633686308367,1.288412933765796,Low,True
NEM,Materials,2025-04-23,53.94911575317383,4.530658516528069,1.4863512239329473,1.4863512239329473,0.3280651628258152,High,True
NEM,Materials,2025-02-20,46.61958312988281,2.0481204110180555,-8.421709617143975,8.421709617143975,4.11192114088537,Medium,False
NWSA,Communication Services,2025-11-06,25.639999389648438,1.2529703761301676,6.858051509516628,6.858051509516628,5.473434679834892,Medium,True
NWSA,Communication Services,2025-08-05,29.409692764282227,1.0004375864782487,-1.0925237637411644,1.0925237637411644,1.092045899222038,Medium,False
NWSA,Communication Services,2025-05-08,28.08421516418457,1.099260407601167,-0.7022459829226163,0.7022459829226163,0.6388349640055487,Medium,False
NWSA,Communication Services,2025-02-05,28.317554473876953,0.8204005237539329,0.9034100545718463,0.9034100545718463,1.1011817135831217,Medium,True
NWS,Communication Services,2025-11-06,29.200000762939453,1.6460287980410975,6.460674796918936,6.460674796918936,3.925007147267194,Medium,True
NWS,Communication Services,2025-08-05,33.49645233154297,0.9663678785067152,-0.029802135717078394,0.029802135717078394,0.030839327734206452,Medium,False
NWS,Communication Services,2025-05-08,32.55935287475586,0.9960111140356326,1.3846239885558533,1.3846239885558533,1.3901692150257652,Medium,True
NWS,Communication Services,2025-02-05,32.65223693847656,0.911994737962221,2.0457179207569283,2.0457179207569283,2.243124697548059,Medium,True
NEE,Utilities,2025-10-28,83.8422622680664,0.9406709242254363,-4.963375472454664,4.963375472454664,5.27642063194585,Medium,False
NEE,Utilities,2025-07-23,75.07711791992188,1.2988262631597216,-7.18339833457466,7.18339833457466,5.5306845405937795,Medium,False
NEE,Utilities,2025-04-22,63.24026870727539,3.3107467406492974,-0.43517660160855515,0.43517660160855515,0.13144363966759026,High,False
NEE,Utilities,2025-01-24,66.4181900024414,2.3301694563240694,6.644522538690289,6.644522538690289,2.8515190260764447,Low,True
NKE,Consumer Discretionary,2025-12-18,65.69000244140625,1.9765947671318107,-12.81425626187552,12.81425626187552,6.482996148203903,Low,False
NKE,Consumer Discretionary,2025-09-30,69.10879516601562,0.9994351278125914,6.941057433152996,6.941057433152996,6.944980459456639,Medium,True
NKE,Consumer Discretionary,2025-06-26,60.131614685058594,2.0501467575367647,13.591289589172384,13.591289589172384,6.629422766544875,Medium,True
NKE,Consumer Discretionary,2025-03-20,71.67566680908203,1.5419858830511435,-6.2204313223911605,6.2204313223911605,4.034039086066552,Medium,False
NI,Utilities,2025-10-29,43.43936538696289,0.7611075756059188,-2.9038842244932925,2.9038842244932925,3.8153400617271562,Medium,False
NI,Utilities,2025-08-06,43.04202651977539,1.2479153372355505,-1.2354317821233032,1.2354317821233032,0.9899964727255444,Medium,False
NI,Utilities,2025-05-07,38.79130172729492,1.3614290236704545,0.6351601837035169,0.6351601837035169,0.4665393293813478,Medium,True
NI,Utilities,2025-02-12,37.34202575683594,1.6625169244174005,3.044498005507749,3.044498005507749,1.831258353399704,Medium,True
NDSN,Industrials,2025-12-10,232.6301727294922,1.2245810010528106,-0.3681479667274426,0.3681479667274426,0.30063178051181116,Low,False
NDSN,Industrials,2025-08-20,215.95103454589844,1.6586614704116245,6.392839231208171,6.392839231208171,3.854215791014716,Medium,True
NDSN,Industrials,2025-05-28,195.8836669921875,2.1621975582430273,8.30182952079086,8.30182952079086,3.8395332975663963,Medium,True
NDSN,Industrials,2025-02-19,216.35055541992188,0.9515550691813255,-1.0517641373537363,1.0517641373537363,1.1053108447613296,Medium,False
NSC,Industrials,2025-10-23,287.2487487792969,0.7652987023670719,-0.7715832473803842,0.7715832473803842,1.0082118851029986,Medium,False
NSC,Industrials,2025-07-29,279.6639404296875,1.5060243086845453,-2.590612146843635,2.590612146843635,1.7201662230182964,Medium,False
NSC,Industrials,2025-04-23,215.5142059326172,3.250897870773177,3.0363607244172006,3.0363607244172006,0.9340068021561835,High,True
NSC,Industrials,2025-01-29,254.3228302001953,1.265907946305606,1.9340615601597513,1.9340615601597513,1.5278058454440293,Medium,True
NTRS,Financials,2025-10-22,128.07618713378906,2.1655907250720445,-2.9411840236824567,2.9411840236824567,1.358143987980282,Medium,False
NTRS,Financials,2025-07-23,124.06451416015625,1.5084808177889169,1.762426344812971,1.762426344812971,1.1683452146221385,Medium,True
NTRS,Financials,2025-04-22,86.6130142211914,4.867569002408074,4.401934262952135,4.401934262952135,0.9043393654562306,High,True
NTRS,Financials,2025-01-23,104.86648559570312,1.7867568000536436,3.287090754270251,3.287090754270251,1.839696792630963,Medium,True
NOC,Industrials,2025-10-21,592.1001586914062,1.5626160239551916,-0.9169476043464997,0.9169476043464997,0.586802893538479,Medium,False
NOC,Industrials,2025-07-22,514.9208984375,0.8000169343492073,10.326229030907545,10.326229030907545,12.907513063217419,Medium,True
NOC,Industrials,2025-04-22,533.5469360351562,2.6398972476442135,-11.043994501967056,11.043994501967056,4.183494077969313,High,False
NOC,Industrials,2025-01-30,478.3339538574219,2.0992323078507087,1.189932908147903,1.189932908147903,0.5668419372633473,Medium,True
NCLH,Consumer Discretionary,2025-11-04,22.420000076293945,2.030314924705687,-16.095580007684433,16.095580007684433,7.9276272916220805,Medium,False
NCLH,Consumer Discretionary,2025-07-31,23.40999984741211,2.181041687358353,4.700856407701156,4.700856407701156,2.1553262530230533,Medium,True
NCLH,Consumer Discretionary,2025-04-30,17.440000534057617,1.7981605493982509,-6.444182888184699,6.444182888184699,3.5837639138180544,Medium,False
NCLH,Consumer Discretionary,2025-02-27,24.59000015258789,2.892711523706998,-9.30139718431171,9.30139718431171,3.2154596502564514,Medium,False
NRG,Utilities,2025-11-06,167.99000549316406,2.500895146201826,-0.39840777855505377,0.39840777855505377,0.15930607053243553,Medium,False
NRG,Utilities,2025-08-06,173.46475219726562,1.945953497724713,-10.897888293444574,10.897888293444574,5.6002819729180695,Medium,False
NRG,Utilities,2025-05-12,118.71126556396484,1.6710133224517838,31.324895693837224,31.324895693837224,18.746047845911825,Medium,True
NRG,Utilities,2025-02-26,102.48055267333984,2.584102958762591,2.6064058126119374,2.6064058126119374,1.0086307914991228,Medium,True
NUE,Materials,2025-10-27,138.2286834716797,2.273036253281216,7.124022071535582,7.124022071535582,3.134143620125627,Medium,True
NUE,Materials,2025-07-28,144.74705505371094,1.7008967820770031,-1.0863607203075356,1.0863607203075356,0.6386987921635998,Medium,False
NUE,Materials,2025-04-28,114.37998962402344,4.109504031634808,2.4019845668199142,2.4019845668199142,0.5844950019100911,Medium,True
NUE,Materials,2025-01-27,120.21068572998047,1.768700749681848,4.017376983754388,4.017376983754388,2.2713717877244237,Medium,True
NVR,Consumer Discretionary,2025-10-22,7681.080078125,1.6012164236216955,-1.4465842877071604,1.4465842877071604,0.9034283350874069,Medium,False
NVR,Consumer Discretionary,2025-07-23,7909.52001953125,2.620379012337445,-1.5188011727116075,1.5188011727116075,0.5796112568299034,Medium,False
NVR,Consumer Discretionary,2025-04-22,7190.06982421875,3.657979001879995,-0.7113980845037106,0.7113980845037106,0.19447844947663506,High,False
NVR,Consumer Discretionary,2025-01-28,8200.5595703125,1.399205711586679,-4.981970133785533,4.981970133785533,3.5605701810179515,Medium,False
NXPI,Information Technology,2025-10-27,218.18553161621094,3.066967377876657,-7.605159635778371,7.605159635778371,2.4797002050421626,Medium,False
NXPI,Information Technology,2025-07-21,223.86363220214844,2.127663047941013,-1.5595631420847242,1.5595631420847242,0.7329934801443059,Medium,False
NXPI,Information Technology,2025-04-28,190.91519165039062,7.27582444488594,-6.079297098861632,6.079297098861632,0.8355475238458608,Medium,False
NXPI,Information Technology,2025-02-03,204.70379638671875,1.4774260045170997,4.156704116414777,4.156704116414777,2.813477022677292,Medium,True
ORLY,Consumer Discretionary,2025-10-22,101.30999755859375,1.0854514050430464,-3.892898406330204,3.892898406330204,3.5864326935721467,Medium,False
ORLY,Consumer Discretionary,2025-07-23,95.3499984741211,1.23635403807093,2.3475220458483284,2.3475220458483284,1.8987458070757322,Medium,True
ORLY,Consumer Discretionary,2025-04-23,92.90266418457031,2.365618137745891,-2.426653153160248,2.426653153160248,1.025800873962065,High,False
ORLY,Consumer Discretionary,2025-02-05,88.94599914550781,1.1316106834875985,-2.335639088400991,2.335639088400991,2.063995261340768,Medium,False
OXY,Energy,2025-11-10,41.071388244628906,1.826396401381711,0.3110059309772812,0.3110059309772812,0.17028391577096735,Medium,True
OXY,Energy,2025-08-06,42.60343933105469,1.3326681049269629,4.184292621744676,4.184292621744676,3.1397859724225916,Medium,True
OXY,Energy,2025-05-07,38.62986373901367,2.015560759907274,8.07484950750623,8.07484950750623,4.006254570999742,Medium,True
OXY,Energy,2025-02-18,47.02442169189453,2.0091328601475373,6.654389416339679,6.654389416339679,3.3120703704238976,Medium,True
ODFL,Industrials,2025-10-29,136.45936584472656,2.3455655781791136,0.8523738698218576,0.8523738698218576,0.36339801272303973,Medium,True
ODFL,Industrials,2025-07-30,163.6884307861328,1.407126697476684,-7.938550579708215,7.938550579708215,5.641674338170075,Medium,False
ODFL,Industrials,2025-04-23,149.0375518798828,4.666493318244658,4.4913353792691835,4.4913353792691835,0.9624647616464687,High,True
ODFL,Industrials,2025-02-05,180.74917602539062,1.444707950017464,6.653604271344695,6.653604271344695,4.605501251145094,Medium,True
OMC,Communication Services,2025-10-21,77.42399597167969,1.5778657170809551,2.0581938988060133,2.0581938988060133,1.3044163876084862,Medium,True
OMC,Communication Services,2025-07-15,71.2953872680664,1.4688687485809613,0.113034574674324,0.113034574674324,0.07695348871948156,Medium,True
OMC,Communication Services,2025-04-15,74.37800598144531,3.678538283562518,-4.6726637856242865,4.6726637856242865,1.2702501443315135,High,False
OMC,Communication Services,2025-02-04,84.58294677734375,0.9489792726479392,-3.072496667141867,3.072496667141867,3.237685748992886,Medium,False
ON,Information Technology,2025-11-03,50.08000183105469,3.018917358693911,-3.5942551636282647,3.5942551636282647,1.1905775271646604,Medium,False
ON,Information Technology,2025-08-04,56.81999969482422,3.0396566967412877,-16.860257071120806,16.860257071120806,5.546763583267845,Medium,False
ON,Information Technology,2025-05-05,41.90999984741211,3.646299547893305,-8.11262595623429,8.11262595623429,2.224892894748996,Medium,False
ON,Information Technology,2025-02-10,51.25,1.8041357491679189,-6.478048185022865,6.478048185022865,3.590665607070083,Medium,False
OKE,Energy,2025-10-28,68.22480010986328,1.4378060009695062,-3.444286957379814,3.444286957379814,2.3955157754643857,Medium,False
OKE,Energy,2025-08-04,77.77567291259766,1.864972722564766,-5.76224188366806,5.76224188366806,3.0897191224028484,Medium,False
OKE,Energy,2025-04-29,84.37083435058594,2.4483851950593802,-7.887535897921707,7.887535897921707,3.221525727993308,Medium,False
OKE,Energy,2025-02-24,94.19345092773438,1.3787500168409972,-2.405219942403383,2.405219942403383,1.7444931372796948,Medium,False
ORCL,Information Technology,2025-12-10,220.94595336914062,2.6416970160604474,-14.815474418643898,14.815474418643898,5.608317050960734,Low,False
ORCL,Information Technology,2025-09-09,237.43922424316406,2.482872421866296,27.472979068344216,27.472979068344216,11.064998276348671,Medium,True
ORCL,Information Technology,2025-06-11,176.33074951171875,1.3377562072511668,22.020638449234134,22.020638449234134,16.46087555406103,Medium,True
ORCL,Information Technology,2025-03-10,153.603515625,3.1166894012874122,1.4113956268966348,1.4113956268966348,0.4528509085036286,High,True
OTIS,Industrials,2025-10-29,91.62322998046875,1.0650874428554091,1.3033909051099988,1.3033909051099988,1.223740749037204,Medium,True
OTIS,Industrials,2025-07-23,97.57292938232422,0.8012363242184357,-11.67442790883758,11.67442790883758,14.570517531422926,Medium,False
OTIS,Industrials,2025-04-23,95.72398376464844,3.4929778783997687,-6.275898744931255,6.275898744931255,1.7967187206483026,High,False
OTIS,Industrials,2025-01-29,96.0209732055664,0.47956850265655926,-0.5319700461762734,0.5319700461762734,1.1092681092053314,Medium,False
PCAR,Industrials,2025-10-21,93.186279296875,1.2412182644571996,2.3799753077700996,2.3799753077700996,1.917451084891095,Medium,True
PCAR,Industrials,2025-07-22,91.89008331298828,1.2062299709814432,8.825739500821248,8.825739500821248,7.316796724624764,Medium,True
PCAR,Industrials,2025-04-29,89.82527923583984,2.516289023170209,-1.988264362706798,1.988264362706798,0.7901573882803947,Medium,False
PCAR,Industrials,2025-01-28,107.096435546875,1.0413299828207416,0.8916331596956709,0.8916331596956709,0.8562445856791967,Medium,True
PKG,Materials,2025-10-22,206.86135864257812,1.2585244485285583,-1.8731448945431133,1.8731448945431133,1.488365916715529,Medium,False
PKG,Materials,2025-07-23,202.85321044921875,1.2282576264406169,0.10177465722717573,0.10177465722717573,0.08286100166307112,Medium,True
PKG,Materials,2025-04-22,178.74549865722656,3.372591971786586,1.228416440993982,1.228416440993982,0.36423511983373563,High,True
PKG,Materials,2025-01-28,233.81089782714844,0.8217019972508639,-10.138001790765255,10.138001790765255,12.33780838391968,Medium,False
PLTR,Information Technology,2025-11-03,200.47000122070312,2.2840093578713816,-9.305917299393094,9.305917299393094,4.074377921142096,Medium,False
PLTR,Information Technology,2025-08-04,154.27000427246094,1.8433794063534836,11.75151823333125,11.75151823333125,6.37498617638229,Medium,True
PLTR,Information Technology,2025-05-05,124.27999877929688,4.1502362576928515,-10.737653426992573,10.737653426992573,2.5872390775559646,Medium,False
PLTR,Information Technology,2025-02-03,82.48999786376953,2.8188180020510996,21.04132218303459,21.04132218303459,7.464590536786686,Medium,True
PANW,Information Technology,2025-11-19,201.0,1.563508843052698,-8.504252385722047,8.504252385722047,5.43920964918739,High,False
PANW,Information Technology,2025-08-18,177.08999633789062,2.8143355895314253,4.688649936247762,4.688649936247762,1.6659882189204032,Medium,True
PANW,Information Technology,2025-05-20,194.3000030517578,1.1311336600404085,-4.28835691130656,4.28835691130656,3.7912026339604847,Medium,False
PSKY,Communication Services,2025-11-10,15.042366981506348,1.795155789264977,2.098356716310255,2.098356716310255,1.1688995065823358,Medium,True
PH,Industrials,2025-11-06,767.3306274414062,1.4561539556880823,9.259859750524324,9.259859750524324,6.359121378857722,Medium,True
PH,Industrials,2025-08-07,711.646484375,1.2044677513204682,4.39085268706605,4.39085268706605,3.645471356333385,Medium,True
PH,Industrials,2025-05-01,598.330078125,1.801050064005093,2.3072069643309523,2.3072069643309523,1.2810343312724415,Medium,True
PH,Industrials,2025-01-30,659.7968139648438,1.2083917113502607,6.193970802984571,6.193970802984571,5.125797160643719,Medium,True
PAYX,Industrials,2025-12-19,116.69999694824219,0.9530144903916534,0.5602235658404272,0.5602235658404272,0.5878437017365772,Low,True
PAYX,Industrials,2025-09-30,126.9826889038086,1.136904005703528,-3.5166880775815286,3.5166880775815286,3.093214607336497,Medium,False
PAYX,Industrials,2025-06-25,148.67437744140625,0.9023770600303703,-7.382597208956332,7.382597208956332,8.181277578917912,Medium,False
PAYX,Industrials,2025-03-26,141.34983825683594,2.0459778584209576,5.342383892099683,5.342383892099683,2.6111640798609725,Medium,True
PAYC,Industrials,2025-11-05,181.48927307128906,2.049127653571367,-11.73589444289365,11.73589444289365,5.727263707773154,Medium,False
PAYC,Industrials,2025-08-06,222.39646911621094,1.6196969032867836,2.951725644596023,2.951725644596023,1.822393830973072,Medium,True
PAYC,Industrials,2025-05-07,226.56884765625,2.2149808661673083,10.508587943737261,10.508587943737261,4.744324478938183,Medium,True
PAYC,Industrials,2025-02-12,201.92367553710938,1.7376975901393192,1.0480580509053588,1.0480580509053588,0.6031302896733206,Medium,True
PYPL,Financials,2025-10-28,69.60907745361328,2.9364534994151814,-0.8113908878514084,0.8113908878514084,0.27631661390619794,Medium,False
PYPL,Financials,2025-07-29,77.8001480102539,2.2311730596650237,-10.879578711337375,10.879578711337375,4.876169808616628,Medium,False
PYPL,Financials,2025-04-29,65.18929290771484,2.6664763277694696,1.4015043913019105,1.4015043913019105,0.5256016626535294,Medium,True
PYPL,Financials,2025-02-04,88.37570190429688,1.6058462646441392,-11.518277865658977,11.518277865658977,7.1727151715930075,Medium,False
PNR,Industrials,2025-10-21,108.5443115234375,1.3701500394061392,0.036596245537230926,0.036596245537230926,0.02670966279947906,Medium,True
PNR,Industrials,2025-07-22,105.83045196533203,1.1469064368419022,-1.1729963842790263,1.1729963842790263,1.0227481044652298,Medium,False
PNR,Industrials,2025-04-22,79.99066162109375,4.582775451012991,11.132222687940976,11.132222687940976,2.429144261362462,High,True
PNR,Industrials,2025-02-04,102.88385009765625,1.0978315195730493,-3.8292866484645383,3.8292866484645383,3.488045825058623,Medium,False
PEP,Consumer Staples,2025-10-09,139.42626953125,0.9834554851053917,8.095654998516794,8.095654998516794,8.231846912368612,Medium,True
PEP,Consumer Staples,2025-07-17,131.2301483154297,1.0919783020293958,5.8293215070672515,5.8293215070672515,5.338312580235067,Medium,True
PEP,Consumer Staples,2025-04-24,139.16708374023438,2.09166890256602,-6.242091585247681,6.242091585247681,2.984263703299313,High,False
PEP,Consumer Staples,2025-02-04,144.89962768554688,1.5763294568331783,-3.0678039252252955,3.0678039252252955,1.9461692553715684,Medium,False
PFE,Health Care,2025-11-04,24.223461151123047,0.8086760357069468,-0.20275914895465816,0.20275914895465816,0.2507297607470284,Medium,False
PFE,Health Care,2025-08-05,23.083532333374023,1.5902278739701396,1.6999630785312054,1.6999630785312054,1.0690059622003119,Medium,True
PFE,Health Care,2025-04-29,21.726856231689453,1.8210807818917762,5.900222229244418,5.900222229244418,3.239956342362334,Medium,True
PFE,Health Care,2025-02-04,25.139450073242188,1.5265914609362754,0.9160394686448861,0.9160394686448861,0.6000554123911246,Medium,True
PCG,Utilities,2025-10-23,16.69791603088379,1.860602194982336,-1.085640859645509,1.085640859645509,0.5834889707070434,Medium,False
PCG,Utilities,2025-07-31,13.923346519470215,1.3519213562837922,0.7132528776578163,0.7132528776578163,0.5275845923600395,Medium,True
PCG,Utilities,2025-04-24,17.32589340209961,2.496346727599218,-2.2805117950788123,2.2805117950788123,0.9135396817540734,High,False
PCG,Utilities,2025-02-13,15.65369987487793,1.884717344798225,-4.616345753583348,4.616345753583348,2.449357070079687,Medium,False
PM,Consumer Staples,2025-10-21,156.6313934326172,1.3016781033849112,-0.7592015388219867,0.7592015388219867,0.583248298367886,Medium,False
PM,Consumer Staples,2025-07-22,175.46578979492188,1.3483504343225836,-8.759973265400834,8.759973265400834,6.496807537872659,Medium,False
PM,Consumer Staples,2025-04-23,158.0282745361328,2.6425965215824574,3.63170479863669,3.63170479863669,1.3742940963465464,High,True
PM,Consumer Staples,2025-02-06,125.94041442871094,1.173010524820565,10.253483998327338,10.253483998327338,8.741169649689043,Medium,True
PSX,Energy,2025-10-29,134.27818298339844,1.847840882146257,2.5512556063517855,2.5512556063517855,1.380668449865941,Medium,True
PSX,Energy,2025-07-25,125.53359985351562,1.9530523062272258,2.71074866126667,2.71074866126667,1.3879549731584562,Low,True
PSX,Energy,2025-04-25,99.95463562011719,4.4909095530768575,1.0411683422357307,1.0411683422357307,0.2318390806874289,Medium,True
PSX,Energy,2025-01-31,117.74099731445312,1.4319323986260875,-2.466075785651999,2.466075785651999,1.7222012631449313,Medium,False
PNW,Utilities,2025-11-03,87.60999298095703,0.6756265693644686,1.9974977395271727,1.9974977395271727,2.9565115258953307,Medium,True
PNW,Utilities,2025-08-06,91.29175567626953,1.404129820123169,1.559459593706029,1.559459593706029,1.110623513123049,Medium,True
PNW,Utilities,2025-05-01,92.49287414550781,1.127353888650188,-0.903550282957664,0.903550282957664,0.8014788364632421,Medium,False
PNW,Utilities,2025-02-25,88.89178466796875,0.7186953052312822,-0.5102634236204451,0.5102634236204451,0.7099857476545475,Medium,False
PNC,Financials,2025-10-15,185.22000122070312,1.3005124419025709,-5.987456314849151,5.987456314849151,4.603920825309341,Medium,False
PNC,Financials,2025-07-16,193.91024780273438,1.1405632114726858,2.0037483274981938,2.0037483274981938,1.7568060299884392,Medium,True
PNC,Financials,2025-04-15,147.77320861816406,4.021031351295794,-1.4186223127759268,1.4186223127759268,0.352800609803445,High,False
PNC,Financials,2025-01-16,188.724609375,1.500641156952838,-0.9479165043597942,0.9479165043597942,0.6316743346454713,Medium,False
POOL,Consumer Discretionary,2025-10-23,301.14251708984375,1.576106485188853,-1.29035941471828,1.29035941471828,0.8187006568681594,Medium,False
POOL,Consumer Discretionary,2025-07-24,311.9299621582031,2.280076440394875,2.540636543644571,2.540636543644571,1.114276915735584,Medium,True
POOL,Consumer Discretionary,2025-04-24,302.7893981933594,3.6188537109250642,-5.728882799750972,5.728882799750972,1.5830655940735814,High,False
POOL,Consumer Discretionary,2025-02-20,337.9577331542969,1.1096981553923948,0.9182385587579315,0.9182385587579315,0.8274669596375401,Medium,True
PPG,Materials,2025-10-28,104.67213439941406,1.4428339430611377,-7.46367644522581,7.46367644522581,5.1729282369049105,Medium,False
PPG,Materials,2025-07-29,112.37826538085938,1.1465469190099076,-5.996609527504862,5.996609527504862,5.230147522164372,Medium,False
PPG,Materials,2025-04-29,100.89122772216797,2.0556592211306115,4.777957079732169,4.777957079732169,2.324294333719523,Medium,True
PPG,Materials,2025-01-30,119.22930908203125,1.1085008918512234,-8.765787129503376,8.765787129503376,7.907785364849188,Medium,False
PPL,Utilities,2025-11-05,36.11592102050781,0.7886730670830021,0.689658684355674,0.689658684355674,0.874454464264205,Medium,True
PPL,Utilities,2025-07-31,35.63325881958008,1.2352806027222658,-1.0543821619463472,1.0543821619463472,0.8535568029018983,Medium,False
PPL,Utilities,2025-04-30,35.600337982177734,1.2363110401696342,-0.8518763815158241,0.8518763815158241,0.6890469742945418,Medium,False
PPL,Utilities,2025-02-13,33.435997009277344,1.1162233347388968,-2.2885219313167324,2.2885219313167324,2.0502365970086585,Medium,False
PFG,Financials,2025-10-27,78.87403869628906,1.703514743138519,3.594321739387138,3.594321739387138,2.10994460357005,Medium,True
PFG,Financials,2025-07-28,79.50956726074219,1.4132633748113124,-4.726954564323923,4.726954564323923,3.3447088834061294,Medium,False
PFG,Financials,2025-04-24,71.92408752441406,4.3793054031437615,-1.5066600052128563,1.5066600052128563,0.3440408618524924,Medium,False
PFG,Financials,2025-02-06,77.55921173095703,0.8848855628242676,5.474997726354533,5.474997726354533,6.187238165441548,Medium,True
PG,Consumer Staples,2025-10-24,151.14306640625,1.0648139733990247,0.38835194518695454,0.38835194518695454,0.36471341932834017,Medium,True
PG,Consumer Staples,2025-07-29,157.20071411132812,1.07809307983382,-2.692379425476674,2.692379425476674,2.4973534065274627,Medium,False
PG,Consumer Staples,2025-04-24,165.5818328857422,1.8047290571846077,-2.8419625978649248,2.8419625978649248,1.5747308919037464,High,False
PG,Consumer Staples,2025-01-22,156.9824981689453,1.1994237626675077,2.7392976498584694,2.7392976498584694,2.2838447387154446,Medium,True
PGR,Financials,2025-10-15,222.1687774658203,1.0942329867258442,-7.76205646912856,7.76205646912856,7.093604893372962,Medium,False
PGR,Financials,2025-07-16,232.50205993652344,1.526965346166032,2.093318637780427,2.093318637780427,1.37090120809645,Medium,True
PGR,Financials,2025-04-16,261.71588134765625,3.523548118930579,-3.8607652416722917,3.8607652416722917,1.095703850595933,High,False
PGR,Financials,2025-01-28,231.89720153808594,1.3898206467304852,1.7016957553441656,1.7016957553441656,1.2243995362620048,Medium,True
PLD,Real Estate,2025-10-15,111.84867858886719,1.2409180368693193,4.954523022865359,4.954523022865359,3.9926271322197877,Medium,True
PLD,Real Estate,2025-07-16,107.5456771850586,1.0596618454202849,-2.0162012563236837,2.0162012563236837,1.9026836391603914,Medium,False
PLD,Real Estate,2025-04-16,95.76390838623047,4.6894263821424085,3.6758711823211083,3.6758711823211083,0.7838637144020485,High,True
PLD,Real Estate,2025-01-21,105.71416473388672,1.6384494167097068,5.160755845339058,5.160755845339058,3.14978039157459,Medium,True
PRU,Financials,2025-10-29,100.12686157226562,1.6917905281782928,2.776948700916984,2.776948700916984,1.6414258471509362,Medium,True
PRU,Financials,2025-07-30,100.79826354980469,1.2297429141156517,-1.0512849191749476,1.0512849191749476,0.8548818676714726,Medium,False
PRU,Financials,2025-04-30,100.10578918457031,1.8411068765637246,0.885995737259503,0.885995737259503,0.48122993213362036,Medium,True
PRU,Financials,2025-02-04,113.02081298828125,1.3973258742893142,-3.7558334373246636,3.7558334373246636,2.687872246862169,Medium,False
PEG,Utilities,2025-11-03,79.92023468017578,1.3891965154157349,1.5640499250379822,1.5640499250379822,1.1258665766015978,Medium,True
PEG,Utilities,2025-08-05,87.57002258300781,0.9182229968871966,-4.7370701212271,4.7370701212271,5.158953911289425,Medium,False
PEG,Utilities,2025-04-30,79.00150299072266,1.5727057868604368,-3.614738685411366,3.614738685411366,2.2984201594548725,Medium,False
PEG,Utilities,2025-02-25,81.33659362792969,0.7734603809193696,-1.6951027564149241,1.6951027564149241,2.1915831737884868,Medium,False
PTC,Information Technology,2025-11-05,192.02999877929688,1.0977188027095013,-7.295889098957948,7.295889098957948,6.646409882885756,Medium,False
PTC,Information Technology,2025-07-30,204.19000244140625,0.9928035140492225,4.740509784168488,4.740509784168488,4.774872084038027,Medium,True
PTC,Information Technology,2025-04-30,153.64999389648438,1.8944879013168516,3.303862087408629,3.303862087408629,1.7439341180865426,Medium,True
PTC,Information Technology,2025-02-05,191.07000732421875,0.9386660807683864,-10.929590448332279,10.929590448332279,11.643747092028065,Medium,False
PSA,Real Estate,2025-10-29,294.7882995605469,1.1659723037199818,-3.672448638383964,3.672448638383964,3.1496877127073972,Medium,False
PSA,Real Estate,2025-07-30,286.4081726074219,1.1251663149364348,-3.381235921551974,3.381235921551974,3.005098781101524,Medium,False
PSA,Real Estate,2025-04-30,283.9526672363281,1.7296940329594241,-0.09320987104378181,0.09320987104378181,0.05388806879578821,Medium,False
PSA,Real Estate,2025-02-24,291.89263916015625,1.0867893247197071,0.313157708507521,0.313157708507521,0.2881494153324401,Medium,True
PHM,Consumer Discretionary,2025-10-21,124.19422912597656,2.3837947241840762,-2.482355692640039,2.482355692640039,1.0413462482553728,Medium,False
PHM,Consumer Discretionary,2025-07-22,108.25977325439453,2.20185916099436,9.783706797284959,9.783706797284959,4.443384468272092,Medium,True
PHM,Consumer Discretionary,2025-04-22,94.39706420898438,3.8093215510384146,8.538286726586232,8.538286726586232,2.2414192690713417,High,True
PHM,Consumer Discretionary,2025-01-30,114.1377944946289,1.7642904024080837,0.6991778062127358,0.6991778062127358,0.39629405978654453,Medium,True
PWR,Industrials,2025-10-30,439.4554443359375,2.5266273573042204,0.09806214666434267,0.09806214666434267,0.03881147980957899,Medium,True
PWR,Industrials,2025-07-31,410.7837219238281,1.6803970664864838,-3.8773018692424492,3.8773018692424492,2.3073724339149435,Medium,False
PWR,Industrials,2025-05-01,292.1559753417969,2.653929416606344,9.720189362631695,9.720189362631695,3.6625651390010145,Medium,True
PWR,Industrials,2025-02-20,287.2610168457031,1.9112381804768703,-7.7755425617570095,7.7755425617570095,4.068327349873758,Medium,False
QCOM,Information Technology,2025-11-05,171.96133422851562,3.710263903075839,-4.9131978194021055,4.9131978194021055,1.324217885236957,Medium,False
QCOM,Information Technology,2025-07-30,160.3435516357422,1.308961672694785,-6.833906813455856,6.833906813455856,5.220860897620294,Medium,False
QCOM,Information Technology,2025-04-30,144.43873596191406,1.9286225012259135,-5.826502409549399,5.826502409549399,3.0210693932305723,Medium,False
QCOM,Information Technology,2025-02-05,169.25132751464844,1.3080420374165946,-4.492211842980564,4.492211842980564,3.434302349986212,Medium,False
DGX,Health Care,2025-10-21,188.64830017089844,1.008895480983071,-4.852684787733732,4.852684787733732,4.809898427739274,Medium,False
DGX,Health Care,2025-07-22,165.41653442382812,0.9061213007651984,2.4211487337732613,2.4211487337732613,2.671991853329855,Medium,True
DGX,Health Care,2025-04-22,161.60031127929688,2.014564304544743,7.234650444019014,7.234650444019014,3.591173747940462,High,True
DGX,Health Care,2025-01-30,154.2645263671875,1.5319386070978083,4.927946735688111,4.927946735688111,3.21680432417843,Medium,True
Q,Information Technology,2025-11-18,81.39830780029297,3.585481099821937,-5.165866413617333,5.165866413617333,1.440773572582458,Medium,False
RL,Consumer Discretionary,2025-11-06,308.5089111328125,1.2085091150847234,2.4550311770065787,2.4550311770065787,2.0314544146689926,Medium,True
RL,Consumer Discretionary,2025-08-07,297.5845642089844,1.587134162019463,-4.852127237812933,4.852127237812933,3.057162623000381,Medium,False
RL,Consumer Discretionary,2025-05-22,277.71966552734375,2.1254885842501343,0.07301807363144792,0.07301807363144792,0.03435354777838455,Medium,True
RL,Consumer Discretionary,2025-02-06,243.7684326171875,2.363755254196273,8.012069190519917,8.012069190519917,3.38955108668566,Medium,True
RJF,Financials,2025-10-22,165.19264221191406,1.3299944114200226,-2.168149822309935,2.168149822309935,1.6301946863032466,Medium,False
RJF,Financials,2025-07-23,159.6062469482422,1.2017387606517156,4.761614781184526,4.761614781184526,3.9622711167294393,Medium,True
RJF,Financials,2025-04-23,133.49110412597656,3.654941778902357,1.5074288323980465,1.5074288323980465,0.412435798868116,High,True
RJF,Financials,2025-01-29,169.27098083496094,1.274873162865271,-2.057893303542138,2.057893303542138,1.6141945438062508,Medium,False
RTX,Industrials,2025-10-21,157.32818603515625,1.5021677937009834,10.746053600344988,10.746053600344988,7.153697240352407,Medium,True
RTX,Industrials,2025-07-22,150.2418975830078,0.6857318399046178,3.25285335698373,3.25285335698373,4.7436230428445425,Medium,True
RTX,Industrials,2025-04-22,127.17135620117188,3.9298615642716506,-4.630506656039484,4.630506656039484,1.178287474077395,High,False
RTX,Industrials,2025-01-28,123.01649475097656,1.5678122202760991,0.0639691685139191,0.0639691685139191,0.0408015498837315,Medium,True
O,Real Estate,2025-11-03,57.432830810546875,1.0151371563663092,-3.5738843893917736,3.5738843893917736,3.520592628275492,Medium,False
O,Real Estate,2025-08-06,55.88850402832031,1.1906647347797654,0.9312897508938838,0.9312897508938838,0.782159514505267,Medium,True
O,Real Estate,2025-05-05,54.86676025390625,0.9525851662488081,-0.3512325375702317,0.3512325375702317,0.3687151028745837,Medium,False
O,Real Estate,2025-02-24,54.22646713256836,0.8562213595296446,-2.111315270162692,2.111315270162692,2.4658521381930005,Medium,False
REG,Real Estate,2025-10-28,72.36460876464844,0.7746813963122415,-3.005313289067967,3.005313289067967,3.879418433661019,Medium,False
REG,Real Estate,2025-07-29,68.582275390625,1.167656239257946,-0.501662980805145,0.501662980805145,0.42963242428606857,Medium,False
REG,Real Estate,2025-04-29,69.65267944335938,1.28432062725919,0.7933042037183733,0.7933042037183733,0.6176839232204248,Medium,True
REG,Real Estate,2025-02-06,70.1485824584961,1.1052023847905876,0.9047405665899141,0.9047405665899141,0.818619810308628,Medium,True
REGN,Health Care,2025-10-28,577.2262573242188,1.2857505400760678,11.549441359155791,11.549441359155791,8.982645543724603,Medium,True
REGN,Health Care,2025-08-01,553.0457763671875,1.7196462633714067,4.781278651378526,4.781278651378526,2.7803849856916023,Medium,True
REGN,Health Care,2025-04-29,600.0863037109375,2.7171648020761916,-1.9808108012918828,1.9808108012918828,0.7289991390210637,Medium,False
REGN,Health Care,2025-02-04,669.2681274414062,1.4732086089831382,7.478439145733032,7.478439145733032,5.076293404838926,Medium,True
RF,Financials,2025-10-17,24.482393264770508,1.8288085116544295,3.0406813963222885,3.0406813963222885,1.6626570671259286,Medium,True
RF,Financials,2025-07-18,23.59871482849121,1.4177950770126846,6.283141703460232,6.283141703460232,4.431628946475753,Medium,True
RSG,Industrials,2025-10-30,209.8792266845703,1.2186392614738362,-2.210363886595261,2.210363886595261,1.8137967128369241,Medium,False
RSG,Industrials,2025-07-29,240.03619384765625,0.7604080977214354,-6.243652048480291,6.243652048480291,8.210922617985538,Medium,False
RSG,Industrials,2025-04-24,239.42750549316406,2.013534131043493,2.222130644000418,2.222130644000418,1.1035972073881966,Medium,True
RMD,Health Care,2025-10-30,253.0181884765625,0.8553296660980638,-1.3121417280411192,1.3121417280411192,1.5340771869015024,Medium,False
RMD,Health Care,2025-07-31,276.2055969238281,1.0046597793445968,7.170698984577541,7.170698984577541,7.137440088679017,Medium,True
RMD,Health Care,2025-04-23,212.66587829589844,2.9243525582891907,9.99813834669858,9.99813834669858,3.418923726675318,High,True
RMD,Health Care,2025-01-30,250.62704467773438,1.503183136597267,-6.636920441095465,6.636920441095465,4.415244077391236,Medium,False
RVTY,Health Care,2025-10-27,98.88999938964844,1.76958740027724,-2.4673904909151645,2.4673904909151645,1.3943309556389247,Medium,False
RVTY,Health Care,2025-07-28,103.5927963256836,2.77248318491611,-8.874309872909459,8.874309872909459,3.2008525502303375,Medium,False
RVTY,Health Care,2025-04-28,94.1507797241211,4.44382961401163,0.39240612903934197,0.39240612903934197,0.08830359467475185,High,True
RVTY,Health Care,2025-01-31,123.24552154541016,1.830323335227068,-2.48342966569849,2.48342966569849,1.3568256591070553,Medium,False
HOOD,Financials,2025-11-05,136.8000030517578,4.268605019106145,-8.506453874664809,8.506453874664809,1.9927947975018026,Medium,False
HOOD,Financials,2025-07-30,103.31999969482422,2.7087118122974574,-5.843541034314371,5.843541034314371,2.1573136750040733,Medium,False
HOOD,Financials,2025-04-30,49.369998931884766,4.637761403028382,-1.0588484041966484,1.0588484041966484,0.2283102368106384,Medium,False
HOOD,Financials,2025-02-12,53.34000015258789,3.564118609979695,16.759075223496843,16.759075223496843,4.702165403971312,Medium,True
ROK,Industrials,2025-11-06,358.5332336425781,1.1682236103251502,3.0033028669899138,3.0033028669899138,2.570828769805473,Medium,True
ROK,Industrials,2025-08-06,347.5434265136719,1.0786527793710727,-3.875719618765011,3.875719618765011,3.593111419065565,Medium,False
ROK,Industrials,2025-05-07,250.87525939941406,1.7779404139837418,15.091879338570285,15.091879338570285,8.488405584276398,Medium,True
ROK,Industrials,2025-02-10,264.0848388671875,0.8244285783035442,13.170645234801235,13.170645234801235,15.975483603325513,Medium,True
ROL,Industrials,2025-10-29,55.87499237060547,0.9974808345910333,6.942644501152327,6.942644501152327,6.960178341670904,Medium,True
ROL,Industrials,2025-07-23,55.180973052978516,0.7761839383076974,5.311811003025151,5.311811003025151,6.843495131587515,Medium,True
ROL,Industrials,2025-04-23,55.169132232666016,2.875490456603588,0.6917880299147036,0.6917880299147036,0.2405808818895596,High,True
ROL,Industrials,2025-02-12,49.34074020385742,1.126356628188691,1.257493073461193,1.257493073461193,1.1164253327859261,Medium,True
ROP,Information Technology,2025-10-23,513.4682006835938,1.3563149441733453,-5.923964050139457,5.923964050139457,4.367690613148872,Medium,False
ROP,Information Technology,2025-07-21,542.7748413085938,0.7845800188446667,3.4967748711517146,3.4967748711517146,4.456874744657518,Medium,True
ROP,Information Technology,2025-04-28,554.8272705078125,2.460158281137639,-0.2743586536448613,0.2743586536448613,0.11152073252701081,High,False
ROP,Information Technology,2025-01-30,546.0107421875,0.7513530495627777,6.008995956854255,6.008995956854255,7.997566470717021,Medium,True
ROST,Consumer Discretionary,2025-11-20,160.08531188964844,0.7332901422038183,8.492217108173797,8.492217108173797,11.580978141409927,Medium,True
ROST,Consumer Discretionary,2025-08-21,145.62721252441406,1.6525950031394419,1.256700166666333,1.256700166666333,0.760440497689376,Low,True
ROST,Consumer Discretionary,2025-03-04,135.30856323242188,1.273527244523815,1.4120739768454726,1.4120739768454726,1.1087897670956082,Medium,True
RCL,Consumer Discretionary,2025-10-28,315.37408447265625,2.0542375796683654,-12.555428068766375,12.555428068766375,6.111964941656511,Medium,False
RCL,Consumer Discretionary,2025-07-29,350.5253601074219,1.2620017635261795,-5.923305209350461,5.923305209350461,4.693579185499756,Medium,False
RCL,Consumer Discretionary,2025-04-29,210.01124572753906,3.429449835391448,-0.6472224393799002,0.6472224393799002,0.18872485980131687,Medium,False
RCL,Consumer Discretionary,2025-01-28,229.15505981445312,1.8778721993099423,13.626382705408771,13.626382705408771,7.256288639033065,Medium,True
SPGI,Financials,2025-10-30,492.7112731933594,1.2743254587489925,2.9933450696600654,2.9933450696600654,2.348964347458488,Medium,True
SPGI,Financials,2025-07-31,528.8265991210938,0.8616991149130029,3.085019508211596,3.085019508211596,3.5801586131640155,Medium,True
SPGI,Financials,2025-04-29,477.33599853515625,2.2020302512094814,4.313993583945934,4.313993583945934,1.9590982374453945,Medium,True
SPGI,Financials,2025-02-11,515.3395385742188,0.7371972017579902,3.1457489207056164,3.1457489207056164,4.26717425568622,Medium,True
CRM,Information Technology,2025-12-03,234.33177185058594,1.8643355430590227,9.152982846744163,9.152982846744163,4.909514749542266,Medium,True
CRM,Information Technology,2025-09-03,252.013671875,1.5585150039621443,-2.218769447231765,2.218769447231765,1.4236433024969826,Medium,False
CRM,Information Technology,2025-05-28,275.8248596191406,2.076038717846199,-3.8619039920981333,3.8619039920981333,1.8602273449431102,Medium,False
CRM,Information Technology,2025-02-26,303.8960876464844,1.1631246423974169,-3.084614408206875,3.084614408206875,2.6520067547093746,Medium,False
SNDK,Information Technology,2025-11-06,216.5,7.502186938939323,29.01440081721104,29.01440081721104,3.867459056054016,Medium,True
SNDK,Information Technology,2025-08-14,47.0099983215332,3.928023443627683,-2.485003941363494,2.485003941363494,0.6326347021667712,Medium,False
SNDK,Information Technology,2025-05-07,33.83000183105469,3.2869229938308653,7.921076239836565,7.921076239836565,2.409875818418446,Medium,True
SBAC,Real Estate,2025-11-03,190.42587280273438,1.1364664538020632,1.1729994859153166,1.1729994859153166,1.0321461596961632,Medium,True
SBAC,Real Estate,2025-08-04,226.183837890625,1.4309313876853988,-4.613715479369305,4.613715479369305,3.2242744264854055,Medium,False
SBAC,Real Estate,2025-04-28,218.71951293945312,1.8842567722958656,9.011112910686606,9.011112910686606,4.782316849368172,Medium,True
SBAC,Real Estate,2025-02-24,208.69190979003906,1.0769436523243983,1.2450684363978113,1.2450684363978113,1.1561128882746508,Medium,True
SLB,Energy,2025-10-17,32.31470489501953,1.9852969588952818,1.5492160426771961,1.5492160426771961,0.7803447417454652,Medium,True
SLB,Energy,2025-07-18,34.046424865722656,2.6689775453359865,-3.2592952127763626,3.2592952127763626,1.2211774574394418,Medium,False
SLB,Energy,2025-04-25,33.21535873413086,5.43274836021022,-2.3761707566856867,2.3761707566856867,0.4373791309917658,Medium,False
STX,Information Technology,2025-10-28,229.7173309326172,3.1463763538444676,20.331832127882233,20.331832127882233,6.461983514158867,Medium,True
STX,Information Technology,2025-07-29,149.59475708007812,1.6654500513199992,2.835996801526261,2.835996801526261,1.7028411024866894,Medium,True
STX,Information Technology,2025-04-29,81.25605010986328,3.349866058301856,10.306378481950734,10.306378481950734,3.076653902745991,Medium,True
STX,Information Technology,2025-01-21,95.81077575683594,1.579553696104757,7.081475964510582,7.081475964510582,4.48321318988635,Medium,True
SRE,Utilities,2025-11-05,91.90958404541016,0.6969616935231988,0.3243873631859566,0.3243873631859566,0.4654306918162916,Medium,True
SRE,Utilities,2025-08-07,81.18734741210938,1.0454483051022714,0.6900757894865361,0.6900757894865361,0.6600764343092308,Medium,True
SRE,Utilities,2025-05-08,73.35599517822266,1.1435503176761175,-0.5800064408565618,0.5800064408565618,0.507198005974263,Medium,False
SRE,Utilities,2025-02-25,84.33910369873047,0.6659984083614648,-16.437267915141277,16.437267915141277,24.680641438140032,Medium,False
NOW,Information Technology,2025-10-29,187.58200073242188,1.9193331847846538,0.8314174071372037,0.8314174071372037,0.43318034290668894,Medium,True
NOW,Information Technology,2025-07-23,192.4739990234375,1.797094393791655,1.2923058563818675,1.2923058563818675,0.7191085013933275,Medium,True
NOW,Information Technology,2025-04-23,153.36599731445312,5.128277824618059,16.31106789842231,16.31106789842231,3.180613152454765,High,True
NOW,Information Technology,2025-01-29,234.0780029296875,1.2549073864208895,-10.951970164752842,10.951970164752842,8.727313492024987,Medium,False
SHW,Materials,2025-10-28,333.2212829589844,0.987761770025377,2.8713497860606627,2.8713497860606627,2.9069254077194073,Medium,True
SHW,Materials,2025-07-22,338.5439453125,1.091526304305518,0.48052140870672566,0.48052140870672566,0.4402288857458701,Medium,True
SHW,Materials,2025-04-29,329.4103088378906,1.8892140520022673,6.237207523243327,6.237207523243327,3.3014827073898143,Medium,True
SHW,Materials,2025-01-30,360.9545593261719,1.0781891721783303,-0.6242888577035393,0.6242888577035393,0.5790160704751384,Medium,False
SPG,Real Estate,2025-11-03,173.624267578125,1.0590410418348917,2.6773032066121827,2.6773032066121827,2.528044807379225,Medium,True
SPG,Real Estate,2025-08-04,156.8580780029297,1.1583104294022273,2.1898250050674943,2.1898250050674943,1.890533789113514,Medium,True
SPG,Real Estate,2025-05-12,157.2445526123047,0.9426970112111979,-5.984609676216473,5.984609676216473,6.34839148214474,Medium,False
SPG,Real Estate,2025-02-04,165.04141235351562,1.0824139570307725,3.9342381639025743,3.9342381639025743,3.6346890562043317,Medium,True
SWKS,Information Technology,2025-11-04,75.6795883178711,2.45875990087707,-1.8752597188300155,1.8752597188300155,0.7626851723753455,Medium,False
SWKS,Information Technology,2025-08-05,66.55491638183594,1.2795281238718643,1.360356438744864,1.360356438744864,1.0631704089695289,Medium,True
SWKS,Information Technology,2025-05-07,64.01193237304688,1.7032386446645245,1.9886475925894556,1.9886475925894556,1.1675683843946285,Medium,True
SWKS,Information Technology,2025-02-05,82.88331604003906,1.714766448000548,-24.563619038349994,24.563619038349994,14.324760708370324,Medium,False
SJM,Consumer Staples,2025-11-25,105.54000091552734,1.3570193254125154,-1.0453595214180973,1.0453595214180973,0.7703350290168656,Medium,False
SJM,Consumer Staples,2025-08-27,110.43753814697266,0.8501093721162435,-3.490690235972982,3.490690235972982,4.10616604223917,Low,False
SJM,Consumer Staples,2025-06-10,108.69065856933594,1.0908395279297889,-14.286992659905426,14.286992659905426,13.097245098020503,Medium,False
SJM,Consumer Staples,2025-02-27,109.1922836303711,1.8518405640292255,1.2550351504868744,1.2550351504868744,0.677723112272784,Medium,True
SW,Materials,2025-10-29,43.400001525878906,2.1414434987666384,-16.361102836146404,16.361102836146404,7.640221582110179,Medium,False
SW,Materials,2025-07-30,48.05158233642578,1.8691593459370155,-7.925309846812896,7.925309846812896,4.240039707711444,Medium,False
SW,Materials,2025-05-01,41.544925689697266,1.1559066102428897,-1.761067343828227,1.761067343828227,1.5235377393145761,Medium,False
SW,Materials,2025-02-12,52.0982551574707,1.1620036992104037,1.8829316811868613,1.8829316811868613,1.6204179749740362,Medium,True
SNA,Industrials,2025-10-16,334.5372619628906,1.313960757975712,2.152805355210896,2.152805355210896,1.6384091702460797,High,True
SNA,Industrials,2025-07-17,308.7060546875,1.1346795714292197,7.571628779931306,7.571628779931306,6.672922444875105,Medium,True
SNA,Industrials,2025-02-06,346.3088684082031,0.9245810785987149,-4.936810971164484,4.936810971164484,5.339511142329088,Medium,False
SOLV,Health Care,2025-11-06,67.69000244140625,0.8959994891190207,8.31322003275529,8.31322003275529,9.278152648199777,Medium,True
SOLV,Health Care,2025-08-07,72.56999969482422,1.3260240628765632,-0.12508178138682147,0.12508178138682147,0.09432844010046074,Medium,False
SOLV,Health Care,2025-05-08,65.48999786376953,1.6659359650047556,12.261753166920236,12.261753166920236,7.36027880092332,Medium,True
SOLV,Health Care,2025-02-27,84.04000091552734,3.053120724610015,-3.930966782509595,3.930966782509595,1.2875241882260355,Medium,False
SO,Utilities,2025-10-30,93.14373016357422,0.8782866719059842,0.5667816171945063,0.5667816171945063,0.6453264467335298,Medium,True
SO,Utilities,2025-07-31,93.680419921875,0.7100670950763993,0.09483516018465733,0.09483516018465733,0.13355802689949123,Medium,True
SO,Utilities,2025-05-01,89.2396011352539,1.1146082263081372,-0.9141340702742853,0.9141340702742853,0.8201393536293261,Medium,False
SO,Utilities,2025-02-20,83.8139877319336,0.8632008632232891,2.2201709951876527,2.2201709951876527,2.572021287023839,Medium,True
SWK,Industrials,2025-11-04,66.93409729003906,1.858062367265725,4.912599131999232,4.912599131999232,2.6439366183539263,Medium,True
SWK,Industrials,2025-07-29,72.22632598876953,2.1081977642781453,-8.332211451096864,8.332211451096864,3.9522911902668882,Medium,False
SWK,Industrials,2025-04-30,59.124168395996094,2.40544450101006,-3.7871334352395265,3.7871334352395265,1.5744006704994806,Medium,False
SWK,Industrials,2025-02-05,81.37230682373047,2.052804526746741,-0.8654541775365614,0.8654541775365614,0.42159600013554255,Medium,False
SBUX,Consumer Discretionary,2025-10-29,84.81724548339844,1.4245087494159792,-3.92063506555162,3.92063506555162,2.7522716635885907,Medium,False
SBUX,Consumer Discretionary,2025-07-29,92.38854217529297,1.7061139232032543,-4.087773732284974,4.087773732284974,2.3959559069831156,Medium,False
SBUX,Consumer Discretionary,2025-04-29,82.17372131347656,1.9876200164423086,-3.347079630906402,3.347079630906402,1.683963535896275,Medium,False
SBUX,Consumer Discretionary,2025-01-28,97.43321990966797,1.0334598029783209,8.554920048759165,8.554920048759165,8.277941748779003,Medium,True
STT,Financials,2025-10-17,115.95008087158203,2.0543137260980884,2.0717169288097845,2.0717169288097845,1.0084715408803462,Medium,True
STT,Financials,2025-07-15,108.05850219726562,0.8845532500006189,-4.5442191352148775,4.5442191352148775,5.137304210019802,Medium,False
STLD,Materials,2025-10-20,142.33267211914062,2.1730615248605267,1.5586520173498575,1.5586520173498575,0.717260878036988,Medium,True
STLD,Materials,2025-07-21,130.77267456054688,1.8784287456178508,-2.832083628358694,2.832083628358694,1.5076875473533962,Medium,False
STLD,Materials,2025-04-22,112.38053894042969,5.036795784872424,8.51009730382862,8.51009730382862,1.6895855355875165,High,True
STLD,Materials,2025-01-22,122.9080810546875,2.4652703543666648,-0.43942115672291127,0.43942115672291127,0.17824461156748053,Medium,False
STE,Health Care,2025-11-05,241.85000610351562,0.8428597010248176,8.466977941455141,8.466977941455141,10.045536559833504,Medium,True
STE,Health Care,2025-08-06,223.28829956054688,1.1190012031542298,9.782558931640335,9.782558931640335,8.742223783196437,Medium,True
STE,Health Care,2025-05-14,230.00791931152344,1.1037203719678261,10.589005292948968,10.589005292948968,9.593920309788068,Medium,True
STE,Health Care,2025-02-05,217.75389099121094,1.3174085969400153,1.0867996502023534,1.0867996502023534,0.8249526021969916,Medium,True
SYK,Health Care,2025-10-30,368.6715393066406,1.3388830859005127,-2.932410754906166,2.932410754906166,2.190191799259209,Medium,False
SYK,Health Care,2025-07-31,398.5079040527344,0.9624539486805831,-2.8620195561407527,2.8620195561407527,2.9736690883384727,Medium,False
SYK,Health Care,2025-05-01,371.3494567871094,1.4236479134091096,1.9706498951781972,1.9706498951781972,1.3842256056549969,Medium,True
SYK,Health Care,2025-01-28,396.23553466796875,1.5596600389201167,-1.1944932139481863,1.1944932139481863,0.7658676789431843,Medium,False
SMCI,Information Technology,2025-11-04,50.75,4.243527554931821,-14.894517185693502,14.894517185693502,3.5099376622129195,Medium,False
SMCI,Information Technology,2025-08-05,58.22999954223633,3.9975098872530257,-18.49458690711385,18.49458690711385,4.6265268701618645,Medium,False
SMCI,Information Technology,2025-05-06,32.16999816894531,5.872522841302038,-2.5197269306636474,2.5197269306636474,0.42907060538652264,Medium,False
SMCI,Information Technology,2025-02-25,51.61000061035156,9.108813758114916,-5.687308081947804,5.687308081947804,0.6243741757131723,Medium,False
SMCI,Information Technology,2025-02-25,51.61000061035156,9.108813758114916,-5.687308081947804,5.687308081947804,0.6243741757131723,Medium,False
SYF,Financials,2025-10-15,69.85293579101562,1.970445657701915,-3.5557274771726197,3.5557274771726197,1.8045295810489808,Medium,False
SYF,Financials,2025-07-22,69.45116424560547,1.3960078579828017,3.8018437647539574,3.8018437647539574,2.723368455996753,Medium,True
SYF,Financials,2025-04-22,47.204715728759766,7.57620602674204,5.674358237407459,5.674358237407459,0.7489709516053877,High,True
SYF,Financials,2025-01-28,69.39598083496094,1.6873030651061678,-1.5602595971771007,1.5602595971771007,0.9247061950183364,Medium,False
SNPS,Information Technology,2025-12-10,465.8500061035156,1.9321642891917683,-4.808434737384826,4.808434737384826,2.488626233432879,Low,False
SNPS,Information Technology,2025-09-09,609.0800170898438,1.3595829501607057,-27.511291155582946,27.511291155582946,20.23509573456408,Medium,False
SNPS,Information Technology,2025-05-28,511.7900085449219,1.892260139059235,0.3351898309142814,0.3351898309142814,0.17713728889354818,Medium,True
SNPS,Information Technology,2025-02-26,457.95001220703125,2.3082494027641727,-2.8015119064677663,2.8015119064677663,1.2136954971646055,Medium,False
SYY,Consumer Staples,2025-10-28,76.7831802368164,1.1196944224794847,-4.756413088654328,4.756413088654328,4.247956400570064,Medium,False
SYY,Consumer Staples,2025-07-29,79.19464111328125,1.0891753906904011,-0.2986907344543671,0.2986907344543671,0.2742356621416451,Medium,False
SYY,Consumer Staples,2025-04-29,69.46733093261719,1.5756110879401677,1.3916641306460475,1.3916641306460475,0.8832535778009799,Medium,True
SYY,Consumer Staples,2025-01-28,72.73290252685547,0.863417290184275,-6.427282398230563,6.427282398230563,7.44400473710553,Medium,False
TMUS,Communication Services,2025-10-23,227.95065307617188,1.2835202125439404,-4.234819496600541,4.234819496600541,3.2993788919047233,Medium,False
TMUS,Communication Services,2025-07-23,231.28492736816406,1.193706867920226,4.112342071710768,4.112342071710768,3.4450183560354537,Medium,True
TMUS,Communication Services,2025-04-24,256.2193603515625,1.8846673979301294,-9.69181411054727,9.69181411054727,5.142453316267625,Medium,False
TMUS,Communication Services,2025-01-29,218.0283660888672,0.825717999736224,5.982637413862963,5.982637413862963,7.245376043363618,Medium,True
TROW,Financials,2025-10-31,102.25682830810547,1.11547021199663,-0.4112348486504067,0.4112348486504067,0.3686650205695041,Medium,False
TROW,Financials,2025-08-01,101.40803527832031,1.558158822650471,4.425824002458252,4.425824002458252,2.8404190497922435,Medium,True
TROW,Financials,2025-05-02,85.26567840576172,2.0622855461523164,3.7562334371816184,3.7562334371816184,1.8213934749190113,Medium,True
TROW,Financials,2025-02-05,109.46308135986328,1.0073505906591844,-3.5569033759182576,3.5569033759182576,3.5309488165294183,Medium,False
TTWO,Communication Services,2025-11-06,254.75999450683594,0.8986257864737174,-7.266242781849005,7.266242781849005,8.08594955900648,Medium,False
TTWO,Communication Services,2025-08-07,227.2100067138672,0.9811892201599601,-1.6866118731822124,1.6866118731822124,1.7189465992168662,Medium,False
TTWO,Communication Services,2025-05-15,229.5,2.496670860925169,0.9985397954662862,0.9985397954662862,0.3999485118740347,Medium,True
TTWO,Communication Services,2025-02-06,184.9199981689453,1.496525961687289,16.074935755648013,16.074935755648013,10.741501428765055,Medium,True
TPR,Consumer Discretionary,2025-11-06,106.0201416015625,1.0737901012940227,-5.150482876373885,5.150482876373885,4.796545311944156,Medium,False
TPR,Consumer Discretionary,2025-08-14,110.0570068359375,2.3559836503467233,-11.265744202240615,11.265744202240615,4.7817582267952785,Low,False
TPR,Consumer Discretionary,2025-05-08,72.45745086669922,1.1930188139859583,4.361208514273275,4.361208514273275,3.655607491806584,Medium,True
TPR,Consumer Discretionary,2025-02-06,71.80101013183594,2.215961765929463,9.53937217051334,9.53937217051334,4.304845109325316,Medium,True
TRGP,Energy,2025-11-05,154.57000732421875,1.3469118770638133,5.759416667635836,5.759416667635836,4.276015948564518,Medium,True
TRGP,Energy,2025-08-07,161.97390747070312,1.660623210298245,-0.46736717747868195,0.46736717747868195,0.28144083171928186,Medium,False
TRGP,Energy,2025-05-01,168.75775146484375,2.7065690134508995,-2.519410319223222,2.519410319223222,0.9308502043370959,Medium,False
TRGP,Energy,2025-02-20,206.48809814453125,1.7545238539670782,-3.0434804392909505,3.0434804392909505,1.7346475127194585,Medium,False
TGT,Consumer Staples,2025-11-19,88.4800033569336,1.7022875759417053,-5.478367266458482,5.478367266458482,3.2182384127592836,Medium,False
TGT,Consumer Staples,2025-08-20,103.64356231689453,1.5352695687387878,-7.877750435552844,7.877750435552844,5.131183862404279,Medium,False
TGT,Consumer Staples,2025-05-21,95.73201751708984,2.3548921790317543,-3.1186363030758093,3.1186363030758093,1.3243223323957358,Medium,False
TGT,Consumer Staples,2025-03-04,120.00523376464844,1.7446984450986653,-3.4779772280821257,3.4779772280821257,1.9934546499154133,Medium,False
TEL,Information Technology,2025-10-29,236.74000549316406,1.4925268800400877,2.9212834439166593,2.9212834439166593,1.9572735894968918,Medium,True
TEL,Information Technology,2025-07-23,178.87368774414062,0.9081766248005098,13.924753070717072,13.924753070717072,15.332648617526118,Medium,True
TEL,Information Technology,2025-04-23,127.73442077636719,4.04022702334454,7.5459109772367485,7.5459109772367485,1.8676947937916044,High,True
TEL,Information Technology,2025-01-22,143.9673309326172,0.963576083284277,5.852995368092703,5.852995368092703,6.074243092608947,Medium,True
TDY,Information Technology,2025-10-22,571.8300170898438,1.128499989857416,-6.4592588337418295,6.4592588337418295,5.723756217807273,Medium,False
TDY,Information Technology,2025-07-23,559.27001953125,1.1842771387555822,-1.0828346792100068,1.0828346792100068,0.9143422968949908,Medium,False
TDY,Information Technology,2025-04-23,453.3500061035156,3.5391783831027452,-0.42723946966525644,0.42723946966525644,0.12071713358813577,High,False
TDY,Information Technology,2025-01-22,473.8900146484375,0.7752534841826886,7.216755097406155,7.216755097406155,9.308897340867063,Medium,True
TER,Information Technology,2025-10-28,147.38861083984375,3.7344302159123917,22.510045803554817,22.510045803554817,6.0277055674088125,Medium,True
TER,Information Technology,2025-07-29,90.9796371459961,2.2985109208709904,18.64162864518377,18.64162864518377,8.11030675378291,Medium,True
TER,Information Technology,2025-04-28,76.86734008789062,6.140656817130783,-3.4101307835826655,3.4101307835826655,0.5553364868183671,Medium,False
TER,Information Technology,2025-01-29,121.42119598388672,2.9175223073992873,-5.129046576556837,5.129046576556837,1.7580145192202241,Medium,False
TXN,Information Technology,2025-10-21,178.00119018554688,1.9005479237901106,-4.783231554238039,4.783231554238039,2.5167645047851375,Medium,False
TXN,Information Technology,2025-07-22,211.14559936523438,0.9035970030154276,-13.600407208837384,13.600407208837384,15.051408054089325,Medium,False
TXN,Information Technology,2025-04-23,143.19613647460938,6.426754279090738,7.039105008313665,7.039105008313665,1.095281490878715,High,True
TXN,Information Technology,2025-01-23,190.85357666015625,2.0747430266305753,-6.769356492050142,6.769356492050142,3.262744544823806,Low,False
TPL,Energy,2025-11-05,304.2457275390625,1.0865154763725393,6.815730785175971,6.815730785175971,6.27301767291074,Medium,True
TPL,Energy,2025-08-06,318.46490478515625,2.221408242945361,-9.311814182415988,9.311814182415988,4.191851818317497,Medium,False
TXT,Industrials,2025-10-23,83.0008773803711,1.8188544500987698,-1.646888942814788,1.646888942814788,0.9054539480744908,Medium,False
TXT,Industrials,2025-07-24,85.999267578125,1.2484952477240472,-8.840722818973692,8.840722818973692,7.081102499260568,Medium,False
TXT,Industrials,2025-04-24,65.4021987915039,3.3493117799297254,3.3066464819710144,3.3066464819710144,0.9872614731735705,High,True
TXT,Industrials,2025-01-22,79.08021545410156,0.7096612771212538,-3.6822638299569297,3.6822638299569297,5.188762510607962,Medium,False
TMO,Health Care,2025-10-22,543.431396484375,1.3404697775311007,2.4946583225682435,2.4946583225682435,1.8610328739846311,Medium,True
TMO,Health Care,2025-07-23,404.2728271484375,1.996733613831601,11.086943996518448,11.086943996518448,5.552540368789269,Medium,True
TMO,Health Care,2025-04-23,420.71893310546875,4.231231641974798,-1.8563264207500536,1.8563264207500536,0.43872011220914153,High,False
TMO,Health Care,2025-01-30,582.2310180664062,1.164892680106697,5.195086855520055,5.195086855520055,4.459712851010633,Medium,True
TJX,Consumer Discretionary,2025-11-19,145.17999267578125,0.9010817845033483,1.71040353197255,1.71040353197255,1.8981668050423166,Medium,True
TJX,Consumer Discretionary,2025-08-20,132.67694091796875,1.077212653886349,2.1467745239374345,2.1467745239374345,1.9928976105064669,Medium,True
TJX,Consumer Discretionary,2025-05-21,134.2145538330078,0.9905114234881933,-3.9650168328332978,3.9650168328332978,4.002999600822433,Medium,False
TJX,Consumer Discretionary,2025-02-26,120.34548950195312,0.8255292705742538,0.6438512609384077,0.6438512609384077,0.7799254174119502,Medium,True
TKO,Communication Services,2025-11-05,186.6488494873047,0.5484963253071571,-2.4994689177627847,2.4994689177627847,4.556947425970605,Medium,False
TKO,Communication Services,2025-08-06,162.2269744873047,0.9819575836371487,4.935411854216104,4.935411854216104,5.0260947483448835,Medium,True
TKO,Communication Services,2025-05-08,168.0199432373047,1.1049979357514603,-4.947908876467537,4.947908876467537,4.4777539544476,Medium,False
TKO,Communication Services,2025-02-26,154.07679748535156,2.484729266233991,-5.584455528829159,5.584455528829159,2.247510666340444,Medium,False
TTD,Communication Services,2025-11-06,47.70000076293945,3.0648520092322067,-5.7516407768684745,5.7516407768684745,1.8766455148708308,Medium,False
TTD,Communication Services,2025-08-07,89.58000183105469,2.4295624197469587,-39.79961719148804,39.79961719148804,16.38139315458839,Medium,False
TTD,Communication Services,2025-05-08,56.459999084472656,2.1120837990782637,32.55425626587892,32.55425626587892,15.413335531519133,Medium,True
TTD,Communication Services,2025-02-12,120.20999908447266,2.1977342075805453,-34.41871761385153,34.41871761385153,15.661000995995147,Medium,False
TSCO,Consumer Discretionary,2025-10-23,54.531959533691406,1.0782426855809293,2.644532096438187,2.644532096438187,2.4526316123474388,Medium,True
TSCO,Consumer Discretionary,2025-07-24,58.50443649291992,1.616360179841031,-0.4864024435003121,0.4864024435003121,0.30092453994266904,Medium,False
TSCO,Consumer Discretionary,2025-04-24,49.64689254760742,3.3404190497561146,-1.596696091687568,1.596696091687568,0.4779927511801681,High,False
TSCO,Consumer Discretionary,2025-01-30,56.428916931152344,2.0910218457726053,-4.898530692560275,4.898530692560275,2.3426492183539724,Medium,False
TT,Industrials,2025-10-30,426.3599853515625,1.6559237154880533,4.95227434408233,4.95227434408233,2.990641596447417,Medium,True
TT,Industrials,2025-07-30,471.4648742675781,1.3139429290400324,-6.985438784451888,6.985438784451888,5.316394365435228,Medium,False
TT,Industrials,2025-04-30,349.7558898925781,2.221820459431157,11.085329965180275,11.085329965180275,4.9893005162165105,Medium,True
TT,Industrials,2025-01-30,363.1299743652344,2.7674522764376865,-0.3434110361393121,0.3434110361393121,0.12408923509291979,Medium,False
TDG,Industrials,2025-11-12,1288.9100341796875,0.9362091843736882,2.3987665426970635,2.3987665426970635,2.562212145250217,Medium,True
TDG,Industrials,2025-08-05,1483.0255126953125,0.9392579335017476,-12.91252859966118,12.91252859966118,13.747585342740312,Medium,False
TDG,Industrials,2025-05-06,1356.9730224609375,1.3598497411390915,-6.102046164458247,6.102046164458247,4.487294426623053,Medium,False
TDG,Industrials,2025-02-04,1266.2698974609375,1.1552702684368632,-4.529196717404808,4.529196717404808,3.9204650557942875,Medium,False
TRV,Financials,2025-10-16,274.55389404296875,1.4099253232143771,-2.761188268139337,2.761188268139337,1.9583932728042097,High,False
TRV,Financials,2025-07-17,248.6286163330078,1.7244787401279573,5.464131933008868,5.464131933008868,3.168570192174956,Medium,True
TRV,Financials,2025-04-16,247.8246612548828,3.1187602105227428,2.4833786306914045,2.4833786306914045,0.7962711023157371,High,True
TRV,Financials,2025-01-22,235.67654418945312,1.6753055409052653,0.9825974232794996,0.9825974232794996,0.586518339065807,Medium,True
TRMB,Information Technology,2025-11-05,79.56999969482422,1.1216291702946124,0.2798997773206828,0.2798997773206828,0.2495475195667058,Medium,True
TRMB,Information Technology,2025-08-06,84.25,1.145775583311292,-0.21765454875220186,0.21765454875220186,0.18996263484964493,Medium,False
TRMB,Information Technology,2025-05-07,64.08999633789062,2.133946893160945,6.411872359698723,6.411872359698723,3.0047009980651525,Medium,True
TRMB,Information Technology,2025-02-19,74.29000091552734,0.8000517050988726,-2.568539154715065,2.568539154715065,3.2104664465375246,Medium,False
TFC,Financials,2025-10-17,42.76374435424805,1.7242451193157378,5.743490848739455,5.743490848739455,3.3310176055587415,Medium,True
TFC,Financials,2025-07-18,43.3189811706543,1.4832585300957306,-0.6220857900028685,0.6220857900028685,0.41940482888220343,Medium,False
TYL,Information Technology,2025-10-29,510.67999267578125,1.040992216383143,-0.3640146933838912,0.3640146933838912,0.34968051408552847,Medium,False
TYL,Information Technology,2025-07-30,552.5,1.0224256491324526,4.864161093115507,4.864161093115507,4.757471701969565,Medium,True
TYL,Information Technology,2025-04-23,563.8400268554688,3.364718657542075,-7.839865679130946,7.839865679130946,2.3300211628564402,High,False
TYL,Information Technology,2025-02-12,609.469970703125,1.3722951321115089,5.150178063789322,5.150178063789322,3.752966795025279,Medium,True
TSN,Consumer Staples,2025-11-10,52.21717834472656,1.3646686931645413,5.372051705017817,5.372051705017817,3.9365244706834472,Medium,True
TSN,Consumer Staples,2025-08-04,51.604591369628906,1.0807108152815654,4.302307376036696,4.302307376036696,3.980997798116589,Medium,True
TSN,Consumer Staples,2025-05-05,59.18701171875,0.9513792449454245,-8.290840397228067,8.290840397228067,8.71454831632749,Medium,False
TSN,Consumer Staples,2025-02-03,54.549503326416016,1.4070427981854352,0.9205147615442846,0.9205147615442846,0.6542194471493036,Medium,True
USB,Financials,2025-10-16,46.639129638671875,1.5222853071081222,-1.6361688828907324,1.6361688828907324,1.074810927525113,High,False
USB,Financials,2025-07-17,44.7722053527832,1.5254787541670813,0.021893276710223692,0.021893276710223692,0.014351741478154854,Medium,True
USB,Financials,2025-04-16,37.023651123046875,4.523135105439038,-1.1131275715049287,1.1131275715049287,0.24609646750688494,High,False
UBER,Industrials,2025-11-04,96.5,1.4403096623856044,-6.9895719368042535,6.9895719368042535,4.852825832763859,Medium,False
UBER,Industrials,2025-08-06,88.43000030517578,1.5256182649539607,3.6693129004279936,3.6693129004279936,2.4051317323070487,Medium,True
UBER,Industrials,2025-05-07,85.43000030517578,2.4441055621682075,-4.112779568903218,4.112779568903218,1.682734016306031,Medium,False
UBER,Industrials,2025-02-05,67.29000091552734,0.974905843549019,0.3440829588093638,0.3440829588093638,0.35293968241771345,Medium,True
UDR,Real Estate,2025-10-29,34.63078689575195,1.003636537206462,0.3873574710249596,0.3873574710249596,0.3859539351796982,Medium,True
UDR,Real Estate,2025-07-30,39.649879455566406,1.1046748079601802,-2.8147830519885364,2.8147830519885364,2.548064852846721,Medium,False
UDR,Real Estate,2025-04-30,39.84960174560547,1.326901557620835,4.608401358501821,4.608401358501821,3.473054449317846,Medium,True
UDR,Real Estate,2025-02-05,39.87221908569336,1.2363757458439752,1.6106054804658665,1.6106054804658665,1.302682850160923,Medium,True
ULTA,Consumer Discretionary,2025-12-04,544.52001953125,2.0145381808742266,10.366134342268047,10.366134342268047,5.145662882283806,Medium,True
ULTA,Consumer Discretionary,2025-05-29,417.010009765625,2.0508300962967025,12.776496132937663,12.776496132937663,6.229914489751681,Medium,True
ULTA,Consumer Discretionary,2025-03-13,329.2300109863281,2.1001531040218833,13.52115904493868,13.52115904493868,6.438177778108215,Medium,True
UNP,Industrials,2025-10-23,225.22250366210938,1.1149730848038746,-3.831472111103404,3.831472111103404,3.4363808089388685,Medium,False
UNP,Industrials,2025-07-24,226.49232482910156,0.8999522210009224,-2.7099499704526755,2.7099499704526755,3.0112153814551204,Medium,False
UNP,Industrials,2025-04-24,213.00965881347656,2.7012314364606596,-2.9529605886395065,2.9529605886395065,1.0931905162886302,High,False
UNP,Industrials,2025-01-23,231.21279907226562,1.283548174458273,5.504671463738556,5.504671463738556,4.288636432412695,Medium,True
UAL,Industrials,2025-10-15,103.1500015258789,2.605368960251365,-4.718888532532749,4.718888532532749,1.8112169924974744,High,False
UAL,Industrials,2025-07-16,86.37999725341797,4.630057109180073,4.27263335270793,4.27263335270793,0.9228035965769248,Medium,True
UAL,Industrials,2025-04-15,65.69000244140625,9.944883570817808,-1.0447715645405784,1.0447715645405784,0.10505618865225816,High,False
UAL,Industrials,2025-01-21,107.37999725341797,2.1256724157488067,-6.804195504414342,6.804195504414342,3.20096147176913,Medium,False
UPS,Industrials,2025-10-28,85.72968292236328,1.2772999098963702,9.168348206339317,9.168348206339317,7.177913452669986,Medium,True
UPS,Industrials,2025-07-29,99.90377044677734,1.2600229354404429,-14.176018533462543,14.176018533462543,11.250603568186078,Medium,False
UPS,Industrials,2025-04-29,92.92439270019531,1.8228961596397475,-1.8436336680775496,1.8436336680775496,1.0113761326053265,Medium,False
UPS,Industrials,2025-01-30,126.71074676513672,1.1265839256202943,-14.613541932494211,14.613541932494211,12.971551963559245,Medium,False
URI,Industrials,2025-10-22,1000.191650390625,1.8693062090405235,-7.884014085241212,7.884014085241212,4.217615095435817,Medium,False
URI,Industrials,2025-07-23,787.8429565429688,1.7599312219999108,10.799878143859063,10.799878143859063,6.136534205914332,Medium,True
URI,Industrials,2025-04-23,571.0177612304688,4.13436724003053,7.533801012495044,7.533801012495044,1.8222379810748044,High,True
URI,Industrials,2025-01-29,760.1451416015625,2.2058417150425678,-0.04352339768327228,0.04352339768327228,0.019730970443830043,Medium,False
UNH,Health Care,2025-10-28,360.0790100097656,1.4321231057713018,-2.929121992058488,2.929121992058488,2.0453004216288684,Medium,False
UNH,Health Care,2025-07-29,277.4326171875,2.056564810338899,-5.699700981830751,5.699700981830751,2.771466745505338,Medium,False
UNH,Health Care,2025-01-16,530.6712646484375,1.4600638817500962,-6.194092089892042,6.194092089892042,4.24234320656404,Medium,False
UHS,Health Care,2025-10-27,210.5070343017578,1.635632679183447,5.265621393413059,5.265621393413059,3.2193177969773767,Medium,True
UHS,Health Care,2025-07-28,155.301025390625,2.205687717753027,6.769928954185923,6.769928954185923,3.069305278211627,Medium,True
UHS,Health Care,2025-04-28,171.1700897216797,4.1848575085575535,2.405875923999033,2.405875923999033,0.574900320758662,Medium,True
UHS,Health Care,2025-02-26,188.23353576660156,1.9862318548064781,-2.70374301273468,2.70374301273468,1.3612423978559696,Medium,False
VLO,Energy,2025-10-23,156.70187377929688,1.6156573048669107,5.67122219780101,5.67122219780101,3.5101640556554625,Medium,True
VLO,Energy,2025-07-24,143.03152465820312,2.2860428491889633,-3.775237561623325,3.775237561623325,1.6514290460315275,Medium,False
VLO,Energy,2025-04-24,109.91671752929688,4.095314539110665,-0.5502121132564189,0.5502121132564189,0.1343516128008821,High,False
VLO,Energy,2025-01-30,133.91244506835938,2.5281392634073043,-3.8669890370595055,3.8669890370595055,1.5295791228873064,Medium,False
VTR,Real Estate,2025-10-29,69.62357330322266,1.2144503397339361,5.746630530881213,5.746630530881213,4.73187774161288,Medium,True
VTR,Real Estate,2025-07-30,65.96243286132812,1.2509437405595731,1.5342857764079945,1.5342857764079945,1.2265026209105747,Medium,True
VTR,Real Estate,2025-04-30,67.72151184082031,1.038679570936099,-5.022821864086035,5.022821864086035,4.835776118672739,Medium,False
VTR,Real Estate,2025-02-12,57.94053649902344,1.4544175602632623,10.994330013436405,10.994330013436405,7.559266550278956,Medium,True
VLTO,Industrials,2025-10-28,103.98645782470703,0.7137470155192174,-2.096951952587386,2.096951952587386,2.937948470526286,Medium,False
VLTO,Industrials,2025-07-28,103.03955841064453,1.0764727160641139,2.599416721313348,2.599416721313348,2.414753929683926,Medium,True
VLTO,Industrials,2025-04-29,91.75567626953125,1.5718629694787212,1.2031411276318917,1.2031411276318917,0.7654236730514054,Medium,True
VLTO,Industrials,2025-02-04,100.7091293334961,1.1336899180931395,-2.5153472110587054,2.5153472110587054,2.2187259240070745,Medium,False
VRSN,Information Technology,2025-10-23,251.16461181640625,1.8873972529590264,-1.3408876136894006,1.3408876136894006,0.7104427070597786,Medium,False
VRSN,Information Technology,2025-07-24,287.6395263671875,0.9429136729875562,6.735957433866309,6.735957433866309,7.1437689651099205,Low,True
VRSN,Information Technology,2025-04-24,249.18597412109375,1.9388463473971607,9.343213310645508,9.343213310645508,4.818955005479663,Medium,True
VRSN,Information Technology,2025-02-06,218.9993438720703,0.8630641299754971,0.9356086916158589,0.9356086916158589,1.084054659579493,Medium,True
VRSK,Industrials,2025-10-29,233.19570922851562,1.989275419301896,-6.259425630601241,6.259425630601241,3.1465857215477406,Medium,False
VRSK,Industrials,2025-07-30,293.3155517578125,0.9218492362713983,-5.216805280655954,5.216805280655954,5.659065577530178,Medium,False
VRSK,Industrials,2025-05-07,293.2134094238281,1.5543118945637047,3.9366617583071575,3.9366617583071575,2.5327360435674837,Medium,True
VRSK,Industrials,2025-02-26,295.0023498535156,0.6693115731926375,-3.2063269528412466,3.2063269528412466,4.7904848522892935,Medium,False
VZ,Communication Services,2025-10-29,38.56097412109375,1.4380196311431277,-0.9155702008711454,0.9155702008711454,0.6366882489242024,Medium,False
VZ,Communication Services,2025-07-21,39.465118408203125,0.6418958575073849,5.190998172739877,5.190998172739877,8.086978770820554,Medium,True
VZ,Communication Services,2025-04-22,41.88022994995117,2.325210772720123,-0.5357626247425584,0.5357626247425584,0.2304146492989976,High,False
VZ,Communication Services,2025-01-24,36.45433044433594,0.8978923145866019,3.7263881695001193,3.7263881695001193,4.150150423345347,Low,True
VRTX,Health Care,2025-11-03,425.57000732421875,1.023294100650558,-2.112676056338028,2.112676056338028,2.0645834418422786,Medium,False
VRTX,Health Care,2025-08-04,462.1300048828125,1.527967525308439,-18.341202518096043,18.341202518096043,12.003659903958788,Medium,False
VRTX,Health Care,2025-05-05,501.1499938964844,1.6626498387820705,-13.069032727187532,13.069032727187532,7.860363873586817,Medium,False
VRTX,Health Care,2025-02-10,469.32000732421875,2.05325031937451,-3.568310524100134,3.568310524100134,1.7378838276217399,Medium,False
VTRS,Health Care,2025-11-06,10.36965560913086,0.8759552998605055,-5.860462929043261,5.860462929043261,6.690367567815995,Medium,False
VTRS,Health Care,2025-08-07,8.77733039855957,1.8013310148957216,10.85714056326466,10.85714056326466,6.027287862965695,Medium,True
VTRS,Health Care,2025-05-08,8.171598434448242,1.171915378078179,1.9767437578511622,1.9767437578511622,1.6867632209868422,Medium,True
VTRS,Health Care,2025-02-27,10.924930572509766,0.8757356157389845,-17.88256893265047,17.88256893265047,20.420054421973425,Medium,False
VICI,Real Estate,2025-10-30,29.227907180786133,1.0845296651477723,1.9308948760909435,1.9308948760909435,1.780398395859324,Medium,True
VICI,Real Estate,2025-07-30,31.9010009765625,1.1681157190024352,1.7829777233510005,1.7829777233510005,1.5263707990109527,Medium,True
VICI,Real Estate,2025-04-30,30.889528274536133,1.456775725177777,-1.0306057528162416,1.0306057528162416,0.7074567038728435,Medium,False
VICI,Real Estate,2025-02-20,28.794872283935547,0.7262306142093349,3.868664545741555,3.868664545741555,5.327046905002022,Medium,True
VST,Utilities,2025-11-07,189.1262969970703,3.598111775260366,1.9824523404231722,1.9824523404231722,0.5509701933258364,Medium,True
VST,Utilities,2025-08-08,200.35464477539062,2.9324626045221382,-2.6800855961953873,2.6800855961953873,0.9139368365899837,Medium,False
VST,Utilities,2025-05-08,144.2600555419922,2.386821669414302,-2.688155043049215,2.688155043049215,1.1262488008619667,Medium,False
VST,Utilities,2025-02-28,147.38272094726562,3.9703480303470333,-4.6611839620860245,4.6611839620860245,1.1739988349783552,Medium,False
VMC,Materials,2025-10-30,292.0909729003906,1.1866167333672575,-1.8544231933947775,1.8544231933947775,1.5627819339210633,Medium,False
VMC,Materials,2025-07-31,272.9996032714844,1.3885796551695508,0.7955461628492021,0.7955461628492021,0.572920797080282,Medium,True
VMC,Materials,2025-04-30,244.12435913085938,1.8952807181421796,7.450579123570054,7.450579123570054,3.931121681474907,Medium,True
VMC,Materials,2025-02-18,268.46820068359375,1.2727524832647865,-2.0298807559297214,2.0298807559297214,1.594874716506383,Medium,False
WRB,Financials,2025-10-20,72.88579559326172,1.4910986323002886,2.0957934443636757,2.0957934443636757,1.4055364272788153,Medium,True
WRB,Financials,2025-07-21,67.58613586425781,1.247403201962824,1.1061967162074302,1.1061967162074302,0.8867996446271731,Medium,True
WRB,Financials,2025-04-21,67.09420013427734,2.494915407948744,5.807205301620655,5.807205301620655,2.327616112000844,High,True
WRB,Financials,2025-01-27,56.022735595703125,1.8749396602313586,-0.8952784072312978,0.8952784072312978,0.47749718362713856,Medium,False
GWW,Industrials,2025-10-31,956.70068359375,1.0950875782480305,1.054129242284786,1.054129242284786,0.9625981183817541,Medium,True
GWW,Industrials,2025-08-01,1037.728515625,1.0190777794209909,-9.741813866518664,9.741813866518664,9.559440960486517,Medium,False
GWW,Industrials,2025-05-01,1005.7138671875,1.5226727801217155,4.265322993781845,4.265322993781845,2.8012078822614104,Medium,True
GWW,Industrials,2025-01-31,1104.12451171875,0.8167848101124877,-7.044860020997698,7.044860020997698,8.625111453808108,Medium,False
WAB,Industrials,2025-10-22,195.8842010498047,1.428930414034268,-0.5303025100754005,0.5303025100754005,0.3711184987505508,Medium,False
WAB,Industrials,2025-07-24,211.3630828857422,0.6801943286226335,-8.00914327629548,8.00914327629548,11.774786909078877,Medium,False
WAB,Industrials,2025-04-23,166.43553161621094,4.205255342065629,7.929671055582441,7.929671055582441,1.8856574477799417,High,True
WAB,Industrials,2025-02-12,207.32098388671875,1.0699434625931374,-5.592922863295194,5.592922863295194,5.227306917451571,Medium,False
WMT,Consumer Staples,2025-11-20,101.1837387084961,0.7597448396034593,4.681441426189486,4.681441426189486,6.161860116921511,High,True
WMT,Consumer Staples,2025-08-21,101.08394622802734,1.5171949907735733,-5.596179867100017,5.596179867100017,3.6885040493356023,Medium,False
WMT,Consumer Staples,2025-05-15,95.46198272705078,0.8666377456931382,1.4561540581792127,1.4561540581792127,1.680233829435364,Medium,True
WMT,Consumer Staples,2025-02-20,102.79603576660156,1.170480259852729,-8.865385635158127,8.865385635158127,7.574143656445413,Medium,False
DIS,Communication Services,2025-11-13,114.07815551757812,1.073512470400058,-9.301329305975447,9.301329305975447,8.664388688944795,Medium,False
DIS,Communication Services,2025-08-06,118.54791259765625,1.1570785171809086,-4.597702343306534,4.597702343306534,3.973543951458297,Medium,False
DIS,Communication Services,2025-05-07,91.10248565673828,1.3197037016553574,14.050123849640336,14.050123849640336,10.646423005419095,Medium,True
DIS,Communication Services,2025-02-05,112.75304412841797,0.8709326983470026,-1.0679655210187948,1.0679655210187948,1.2262319729707625,Medium,False
WBD,Communication Services,2025-11-06,22.600000381469727,3.2249314850057185,-0.3954312464095796,0.3954312464095796,0.12261694496398841,Medium,False
WBD,Communication Services,2025-08-07,12.720000267028809,1.976807563971578,-14.698984519531944,14.698984519531944,7.435718472262625,Medium,False
WBD,Communication Services,2025-05-08,8.430000305175781,2.0510695890425383,5.957935165969961,5.957935165969961,2.904794258468427,Medium,True
WBD,Communication Services,2025-02-27,10.6899995803833,2.49365791116149,9.142857506161645,9.142857506161645,3.6664441683194253,Medium,True
WM,Industrials,2025-10-27,213.83319091796875,0.9322906469193355,-7.59695521605197,7.59695521605197,8.148698306858892,Medium,False
WM,Industrials,2025-07-28,227.9293670654297,0.802317878989198,2.022822259113687,2.022822259113687,2.521222961729513,Medium,True
WM,Industrials,2025-04-28,225.79638671875,1.3553549759898809,1.8683433709155877,1.8683433709155877,1.3784900664499695,Medium,True
WM,Industrials,2025-01-29,210.51675415039062,0.8305279760636951,5.110950828685595,5.110950828685595,6.153857517129109,Medium,True
WAT,Health Care,2025-11-04,349.6000061035156,1.506555042122192,7.633324217238109,7.633324217238109,5.066741010992543,Medium,True
WAT,Health Care,2025-08-04,290.30999755859375,2.0460502440628567,-3.1414678081648897,3.1414678081648897,1.5353815563819462,Medium,False
WAT,Health Care,2025-05-06,350.45001220703125,1.8698865302076058,-0.8381690644721715,0.8381690644721715,0.44824595018560465,Medium,False
WAT,Health Care,2025-02-12,407.5799865722656,1.323265363015655,-6.459577744675047,6.459577744675047,4.88154373658961,Medium,False
WEC,Utilities,2025-10-30,114.29918670654297,0.881594426734442,-2.4873395838841548,2.4873395838841548,2.8214102862442467,Medium,False
WEC,Utilities,2025-07-30,105.77467346191406,1.0621773257509757,0.41425907177188137,0.41425907177188137,0.39000933434442675,Medium,True
WEC,Utilities,2025-05-06,105.95510864257812,0.9703397698045467,0.8463678452171741,0.8463678452171741,0.8722386441891957,Medium,True
WEC,Utilities,2025-02-04,95.99159240722656,1.7903735013722728,0.43803136032169265,0.43803136032169265,0.2446592065767023,Medium,True
WFC,Financials,2026-01-14,94.95999908447266,1.3353878698886081,-4.916629536293282,4.916629536293282,3.6817988594605136,Medium,False
WFC,Financials,2025-10-14,77.21404266357422,1.3737934541354213,9.553988785337362,9.553988785337362,6.954457932943084,Medium,True
WFC,Financials,2025-07-15,81.63865661621094,1.024808764041787,-4.219106519956519,4.219106519956519,4.116969592762463,Medium,False
WFC,Financials,2025-04-11,65.23979949951172,4.147475055485849,-0.015855464047950366,0.015855464047950366,0.0038229196886858685,High,False
WELL,Real Estate,2025-10-27,177.2478790283203,1.3118799802677912,-3.0940241490213056,3.0940241490213056,2.358465862395224,Medium,False
WELL,Real Estate,2025-07-28,160.2228546142578,0.7109949669352492,5.110880461158207,5.110880461158207,7.188349705467968,Medium,True
WELL,Real Estate,2025-04-28,145.07156372070312,1.5991116024203376,2.375028532180203,2.375028532180203,1.485217497381343,Medium,True
WELL,Real Estate,2025-02-11,140.6427001953125,1.5698872130596027,5.606703539700842,5.606703539700842,3.5714053169295905,Medium,True
WST,Health Care,2025-10-23,279.16845703125,1.229728669664753,7.389891304275918,7.389891304275918,6.009367339781174,Medium,True
WST,Health Care,2025-07-24,218.54481506347656,2.4102205374863575,15.925390322854799,15.925390322854799,6.6074411346040325,Medium,True
WST,Health Care,2025-04-24,214.56964111328125,3.5499610605338927,-1.6637638425234438,1.6637638425234438,0.4686710119218107,High,False
WST,Health Care,2025-02-13,321.5602111816406,1.2125193041571145,-33.37160208385808,33.37160208385808,27.522532605826363,Medium,False
WDC,Information Technology,2025-10-30,141.26641845703125,4.831973592961993,14.399480830472244,14.399480830472244,2.980041292329452,Medium,True
WDC,Information Technology,2025-07-30,70.47122955322266,1.550533062070634,7.1678699427968935,7.1678699427968935,4.622842374753802,Medium,True
WDC,Information Technology,2025-04-30,40.753665924072266,2.4670810987280185,8.197945302786296,8.197945302786296,3.3229330430252193,Medium,True
WDC,Information Technology,2025-01-29,47.33919143676758,2.440618617973247,3.710187643964292,3.710187643964292,1.5201832914989921,Medium,True
WY,Real Estate,2025-10-30,22.98113250732422,1.0274958983962992,-4.253509988101291,4.253509988101291,4.139685613091116,Medium,False
WY,Real Estate,2025-07-24,25.506994247436523,1.9178217288994455,0.7788099470752126,0.7788099470752126,0.4060908974694628,Low,True
WY,Real Estate,2025-04-24,24.667787551879883,3.017504559127414,0.2745103035184962,0.2745103035184962,0.09097262262227622,Medium,True
WY,Real Estate,2025-01-30,29.558244705200195,1.8321566633930413,-0.6782938396589772,0.6782938396589772,0.3702160700618356,Medium,False
WSM,Consumer Discretionary,2025-11-19,181.32000732421875,1.9686557199047618,-4.536651147021957,4.536651147021957,2.304441097116477,Medium,False
WSM,Consumer Discretionary,2025-08-27,197.26318359375,1.9733157189441721,-4.986608261874627,4.986608261874627,2.527019986716938,Low,False
WSM,Consumer Discretionary,2025-05-22,171.24609375,2.833024690807079,-5.996891301659177,5.996891301659177,2.1167804576919407,Medium,False
WSM,Consumer Discretionary,2025-03-19,172.8747100830078,3.349370333528802,-4.231481223297996,4.231481223297996,1.2633661858585303,Medium,False
WMB,Energy,2025-11-03,57.3950309753418,1.8947596539815017,-2.524135430771975,2.524135430771975,1.332166549708799,Medium,False
WMB,Energy,2025-08-04,59.27157974243164,1.494360030383245,-2.6883489921636223,2.6883489921636223,1.7989968531707623,Medium,False
WMB,Energy,2025-05-05,58.514991760253906,1.8425934869460907,-2.044203222882158,2.044203222882158,1.1094162859927474,Medium,False
WMB,Energy,2025-02-12,53.393333435058594,2.740009199521126,3.940167837721833,3.940167837721833,1.4380126309103123,Medium,True
WTW,Financials,2025-10-30,319.4864196777344,1.3985363725107076,-1.3982522353011924,1.3982522353011924,0.9997968324491946,Medium,False
WTW,Financials,2025-07-31,300.6557922363281,1.3604207433247812,4.287185036330241,4.287185036330241,3.151366999780256,Medium,True
WTW,Financials,2025-04-24,321.93841552734375,2.028362172269094,-7.212593659906958,7.212593659906958,3.5558707209760048,High,False
WTW,Financials,2025-02-04,325.89544677734375,1.2811875966133595,-3.030224689057019,3.030224689057019,2.365168611581157,Medium,False
WDAY,Information Technology,2025-11-25,226.63999938964844,2.1728012521248345,-7.732469140929337,7.732469140929337,3.558755838053558,Medium,False
WDAY,Information Technology,2025-08-21,227.49000549316406,2.2232465270808133,-1.8411118761290468,1.8411118761290468,0.828118633585129,Low,False
WDAY,Information Technology,2025-02-25,261.80999755859375,1.7896060535979883,2.0962330843691097,2.0962330843691097,1.171337725503694,Medium,True
XEL,Utilities,2025-10-30,79.2086410522461,0.7186383975224949,1.8571891938409624,1.8571891938409624,2.584316674761076,Medium,True
XEL,Utilities,2025-07-31,71.22808074951172,1.278281875231687,1.4919303909248742,1.4919303909248742,1.1671372487030405,Medium,True
XEL,Utilities,2025-04-24,69.71259307861328,1.7465619710676574,-3.5639377286017413,3.5639377286017413,2.040544674417214,High,False
XEL,Utilities,2025-02-06,65.19256591796875,1.3506557921553908,-1.9867511276961953,1.9867511276961953,1.4709529542872777,Medium,False
XYL,Industrials,2025-10-28,147.83189392089844,0.9100515367686117,2.3761748518584334,2.3761748518584334,2.611033283121191,Medium,True
XYL,Industrials,2025-07-31,131.22389221191406,0.7469674317738947,8.866764200254346,8.866764200254346,11.870349125125305,Medium,True
XYL,Industrials,2025-04-29,115.0848159790039,1.5989867967117237,4.0113976419908095,4.0113976419908095,2.508712173383888,Medium,True
XYL,Industrials,2025-02-04,122.57525634765625,1.0156112010869527,5.7084708611252175,5.7084708611252175,5.620724599153451,Medium,True
YUM,Consumer Discretionary,2025-11-04,137.55859375,1.1322610949214067,7.181800732674063,7.181800732674063,6.342883955729814,Medium,True
YUM,Consumer Discretionary,2025-08-05,143.97596740722656,1.4524820758287698,-3.850340570935117,3.850340570935117,2.650869594200091,Medium,False
YUM,Consumer Discretionary,2025-04-30,145.6288604736328,1.3960252945498095,0.616159775967819,0.616159775967819,0.4413672004177534,Medium,True
YUM,Consumer Discretionary,2025-02-06,128.97312927246094,0.8584612798645572,9.379030387738483,9.379030387738483,10.925397111932934,Medium,True
